SOTE1,DQA1*01:02:02,DQA1*03:01:01,DQB1*03:02:01,DQB1*05:05:01,DRB1*04:02:01,DRB1*16:01:01,,,DRB4*01:03:01,DRB4*01:03:01,DRB5*02:02:01,DRB5*02:02:01
SOTE100,DQA1*01:02:02,DQA1*01:05:01#1,DQB1*05:01:01,DQB1*05:02:01,DRB1*10:01:01,DRB1*16:01:01,,,DRB4*01:03:01,DRB4*01:03:01,DRB5*02:02:01,DRB5*02:02:01
SOTE1000,DQA1*01:01:01,DQA1*01:03:01,DQB1*05:01:01,DQB1*06:03:01,DRB1*ID0,DRB1*13:01:01,DRB3*02:02:01,DRB3*02:02:01,DRB4*01:03:01,DRB4*01:03:01,DRB5*02:02:01,DRB5*02:02:01
SOTE1004,DQA1*01:01:01,DQA1*05:05:01,DQB1*ID1,DQB1*05:01:01,DRB1*ID0,DRB1*11:01:01,DRB3*ID2,DRB3*ID2,,,,
SOTE101,DQA1*01:02:01,DQA1*02:01:01,DQB1*03:03:02,DQB1*06:02:01,DRB1*07:01:01,DRB1*15:01:01,,,DRB4*01:03:01,DRB4*01:03:01,DRB5*01:01:01,DRB5*01:01:01
SOTE1010,DQA1*03:01:01,DQA1*05:01:01,DQB1*02:01:01,DQB1*03:02:01,DRB1*ID3,DRB1*04:01:01,DRB3*01:01:02,DRB3*01:01:02,DRB4*01:03:01,DRB4*01:03:01,,
SOTE1012,DQA1*01:02:02,DQA1*02:01:01,DQB1*02:02:01,DQB1*05:02:01,DRB1*07:01:01,DRB1*16:59Q#1,,,DRB4*01:03:01,DRB4*01:03:01,DRB5*02:02:01,DRB5*02:02:01
SOTE1015,DQA1*01:02:02,DQA1*03:01:01,DQB1*03:02:01,DQB1*05:02:01,DRB1*04:02:01,DRB1*ID4,,,DRB4*01:03:01,DRB4*01:03:01,DRB5*02:02:01,DRB5*02:02:01
SOTE1018,DQA1*01:02:01,DQA1*03:01:01,DQB1*03:02:01,DQB1*06:04:01,DRB1*ID5,DRB1*13:02:01,DRB3*03:01:01,DRB3*03:01:01,DRB4*01:03:01,DRB4*01:03:01,,
SOTE102,DQA1*01:03:01,DQA1*02:01:01,DQB1*02:02:01,DQB1*06:01:01,DRB1*07:01:01,DRB1*ID6,,,DRB4*01:03:01,DRB4*01:03:01,DRB5*01:02,DRB5*01:02
SOTE1021,DQA1*01:02:02#1,DQA1*01:03:01,DQB1*05:02:01,DQB1*06:03:01,DRB1*ID0,DRB1*16:01:01,,,DRB4*01:03:01,DRB4*01:03:01,DRB5*02:02:01,DRB5*02:02:01
SOTE1022,DQA1*02:01:01,DQA1*05:05:01,DQB1*02:02:01,DQB1*ID1,DRB1*07:01:01,DRB1*11:04:01,DRB3*02:02:01,DRB3*02:02:01,DRB4*01:03:01,DRB4*01:03:01,,
SOTE1023,DQA1*01:01:01,DQA1*01:04:01,DQB1*05:01:01,DQB1*05:02:01,DRB1*ID0,DRB1*ID7,DRB3*ID2,DRB3*ID2,,,,
SOTE1026,DQA1*01:03:01,DQA1*04:01:01,DQB1*04:02:01,DQB1*06:03:01,DRB1*08:01:01,DRB1*13:01:01,DRB3*02:02:01,DRB3*02:02:01,,,,
SOTE1027,DQA1*01:02:01,DQA1*05:05:01,DQB1*ID1,DQB1*06:02:01,DRB1*11:04:01,DRB1*15:01:01,DRB3*02:02:01,DRB3*02:02:01,,,DRB5*01:01:01,DRB5*01:01:01
SOTE103,DQA1*03:01:01,DQA1*05:01:01,DQB1*02:01:01,DQB1*03:02:01,DRB1*ID3,DRB1*ID9,DRB3*ID8,DRB3*ID8,DRB4*01:03:01,DRB4*01:03:01,,
SOTE1032,DQA1*01:02:01,DQA1*03:01:01,DQB1*03:02:01,DQB1*06:02:01,DRB1*04:03:01,DRB1*15:01:01,,,DRB4*01:03:01,DRB4*01:03:01,DRB5*ID10,DRB5*ID10
SOTE1035,DQA1*01:02:01,DQA1*03:01:01,DQB1*03:02:01,DQB1*06:02:01,DRB1*04:02:01,DRB1*15:01:01,,,DRB4*01:03:01,DRB4*01:03:01,DRB5*01:01:01,DRB5*01:01:01
SOTE1041,DQA1*01:01:01,DQA1*02:01:01,DQB1*03:03:02,DQB1*05:01:01,DRB1*ID0,DRB1*07:01:01,,,DRB4*01:03:01,DRB4*01:03:01,,
SOTE1043,DQA1*01:02:02,DQA1*05:05:01,DQB1*ID1,DQB1*05:02:01,DRB1*11:04:01,DRB1*ID11,DRB3*02:02:01,DRB3*02:02:01,,,DRB5*02:02:01,DRB5*02:02:01
SOTE1044,DQA1*01:02:01,DQA1*02:01:01,DQB1*02:02:01,DQB1*06:04:01,DRB1*07:01:01,DRB1*13:02:01,DRB3*03:01:01,DRB3*03:01:01,DRB4*01:01:01,DRB4*01:01:01,,
SOTE1046,DQA1*01:02:01,DQA1*01:02:02,DQB1*05:02:01,DQB1*06:02:01,DRB1*15:01:01,DRB1*ID4,,,,,DRB5*ID12,DRB5*02:02:01
SOTE105,DQA1*05:01:01,DQA1*05:05:01,DQB1*02:01:01,DQB1*ID1,DRB1*ID13,DRB1*ID15,DRB3*ID14,DRB3*ID14,,,,
SOTE1051,DQA1*01:03:01,DQA1*05:01:01,DQB1*02:01:01,DQB1*06:03:01,DRB1*ID16,DRB1*ID17,DRB3*01:01:02,DRB3*02:02:01,,,,
SOTE1055,DQA1*01:03:01,DQA1*02:01:01,DQB1*02:02:01,DQB1*06:03:01,DRB1*07:01:01,DRB1*13:01:01,DRB3*02:02:01,DRB3*02:02:01,DRB4*01:01:01,DRB4*01:01:01,,
SOTE1058,DQA1*01:02:02,DQA1*05:05:01,DQB1*ID1,DQB1*05:02:01,DRB1*11:01:01,DRB1*ID4,DRB3*02:02:01,DRB3*02:02:01,,,DRB5*02:02:01,DRB5*02:02:01
SOTE1061,DQA1*01:02:01,DQA1*02:01:01,DQB1*02:02:01,DQB1*06:03:01,DRB1*07:01:01,DRB1*15:01:01,,,DRB4*01:03:01,DRB4*01:03:01,DRB5*ID10,DRB5*ID10
SOTE1062,DQA1*01:02:02,DQA1*05:05:01,DQB1*ID1,DQB1*05:02:01,DRB1*11:01:01,DRB1*ID4,DRB3*02:02:01,DRB3*02:02:01,,,DRB5*02:02:01,DRB5*02:02:01
SOTE1064,DQA1*01:03:01,DQA1*05:05:01,DQB1*ID1,DQB1*06:01:01,DRB1*11:01:01,DRB1*ID6,DRB3*02:02:01,DRB3*02:02:01,,,DRB5*01:02,DRB5*01:02
SOTE1065,DQA1*02:01:01,DQA1*03:03:01,DQB1*02:02:01,DQB1*ID1,DRB1*04:01:01,DRB1*07:01:01,,,DRB4*01:01:01,DRB4*01:03:01,,
SOTE1066,DQA1*02:01:01,DQA1*05:05:01,DQB1*02:02:01,DQB1*ID1,DRB1*07:01:01,DRB1*11:04:01,DRB3*ID14,DRB3*ID14,,,,
SOTE1073,DQA1*01:02:01,DQA1*01:03:01,DQB1*06:02:01,DQB1*06:03:01,DRB1*13:01:01,DRB1*15:01:01,DRB3*01:01:02,DRB3*01:01:02,,,DRB5*ID18,DRB5*ID18
SOTE1097,DQA1*05:01:01,DQA1*05:05:01,DQB1*02:01:01,DQB1*ID1,DRB1*ID19,DRB1*ID15,DRB3*01:01:02,DRB3*02:22:01,,,,
SOTE1098,DQA1*01:03:01,DQA1*01:04:02,DQB1*05:03:01,DQB1*06:01:01,DRB1*14:04:01,DRB1*ID6,DRB3*02:02:01,DRB3*02:02:01,,,DRB5*01:02,DRB5*01:02
SOTE1099,DQA1*01:02:01,DQA1*01:05:01,DQB1*05:01:01,DQB1*06:04:01,DRB1*10:01:01,DRB1*13:02:01,DRB3*03:01:01,DRB3*03:01:01,,,,
SOTE1104,DQA1*03:01:01,DQA1*05:01:01,DQB1*02:01:01,DQB1*03:02:01,DRB1*ID3,DRB1*04:02:01,DRB3*01:01:02,DRB3*01:01:02,DRB4*01:03:01,DRB4*01:03:01,,
SOTE1105,DQA1*02:01:01,DQA1*04:01:01,DQB1*02:02:01,DQB1*04:02:01,DRB1*07:01:01,DRB1*08:01:01,,,,,,
SOTE1107,DQA1*05:01:01,DQA1*05:05:01,DQB1*02:01:01,DQB1*ID1,DRB1*ID19,DRB1*ID15,DRB3*01:01:02,DRB3*02:22:01,,,,
SOTE111,DQA1*01:02:01,DQA1*05:05:01,DQB1*ID1,DQB1*06:02:01,DRB1*11:03:01,DRB1*ID21,DRB3*ID20,DRB3*ID20,,,DRB5*01:01:01,DRB5*01:01:01
SOTE1113,DQA1*02:01:01,DQA1*03:02:01,DQB1*02:02:01,DQB1*03:03:02,DRB1*07:01:01,DRB1*09:01:02,,,DRB4*01:03:01,DRB4*01:03:02,,
SOTE1114,DQA1*01:01:01,DQA1*05:05:01,DQB1*ID1,DQB1*05:01:01,DRB1*ID0,DRB1*11:04:01,DRB3*02:02:01,DRB3*02:02:01,,,,
SOTE1119,DQA1*01:05:01,DQA1*04:01:01,DQB1*04:02:01,DQB1*05:01:01,DRB1*08:01:01,DRB1*10:01:01,,,,,,
SOTE112,DQA1*01:02:01,DQA1*05:05:01,DQB1*ID1,DQB1*06:04:01,DRB1*11:01:01,DRB1*13:02:01,DRB3*02:24,DRB3*03:01:01,,,,
SOTE1120,DQA1*05:01:01,DQA1*05:05:01,DQB1*02:01:01,DQB1*ID1,DRB1*ID19,DRB1*ID23,DRB3*ID22,DRB3*ID22,DRB4*01:01:01,DRB4*01:03:01,DRB5*02:02:01,DRB5*02:02:01
SOTE1126,DQA1*01:02:01,DQA1*05:05:01,DQB1*ID1,DQB1*06:02:01,DRB1*13:03:01,DRB1*15:01:01,DRB3*01:01:02,DRB3*01:01:02,,,DRB5*ID10,DRB5*ID10
SOTE1129,DQA1*02:01:01,DQA1*03:03:01,DQB1*02:02:01,DQB1*03:02:01,DRB1*04:01:01,DRB1*07:01:01,,,DRB4*01:03:01,DRB4*01:03:01,,
SOTE1146,DQA1*02:01:01,DQA1*04:01:01,DQB1*03:03:02,DQB1*04:02:01,DRB1*07:01:01,DRB1*08:01:01,,,DRB4*01:03:01,DRB4*01:03:01,,
SOTE1148,DQA1*01:02:02,DQA1*05:05:01,DQB1*ID1,DQB1*05:02:01,DRB1*11:04:01,DRB1*ID25,DRB3*ID24,DRB3*ID24,,,DRB5*02:02:01,DRB5*02:02:01
SOTE116,DQA1*01:02:02,DQA1*05:01:01,DQB1*02:01:01,DQB1*05:02:01,DRB1*ID3,DRB1*16:15,DRB3*01:01:02,DRB3*01:01:02,,,DRB5*02:02:01,DRB5*02:02:01
SOTE117,DQA1*02:01:01,DQA1*05:05:01,DQB1*02:02:01,DQB1*ID1,DRB1*07:01:01,DRB1*ID26,DRB3*02:02:01,DRB3*02:02:01,DRB4*01:03:01,DRB4*01:03:01,,
SOTE118,DQA1*01:04:01,DQA1*02:01:01,DQB1*03:03:02,DQB1*05:03:01,DRB1*07:01:01,DRB1*ID7,DRB3*02:02:01,DRB3*02:02:01,DRB4*01:03:01,DRB4*01:03:01,,
SOTE120,DQA1*01:02:01,DQA1*05:05:01,DQB1*ID1,DQB1*06:02:01,DRB1*11:01:01,DRB1*15:01:01,DRB3*ID20,DRB3*ID20,,,DRB5*01:01:01,DRB5*01:01:01
SOTE121,DQA1*05:01:01,DQA1*05:05:01,DQB1*02:01:01,DQB1*ID1,DRB1*ID3,DRB1*ID27,DRB3*02:02:01,DRB3*02:02:01,,,,
SOTE122,DQA1*05:01:01,DQA1*05:05:01,DQB1*02:01:01,DQB1*ID1,DRB1*ID19,DRB1*ID28,DRB3*02:02:01,DRB3*02:10,,,,
SOTE124,DQA1*04:01:01,DQA1*05:01:01,DQB1*02:01:01,DQB1*04:02:01,DRB1*ID3,DRB1*08:01:01,DRB3*01:01:02,DRB3*01:01:02,,,,
SOTE129,DQA1*01:02:01,DQA1*05:01:01,DQB1*02:01:01,DQB1*06:02:01,DRB1*ID3,DRB1*15:01:01,DRB3*01:01:02,DRB3*01:01:02,,,DRB5*01:01:01,DRB5*01:01:01
SOTE130,DQA1*01:05:01,DQA1*05:05:01,DQB1*ID1,DQB1*05:01:01,DRB1*10:01:01,DRB1*ID26,DRB3*02:02:01,DRB3*02:02:01,DRB4*01:03:01,DRB4*01:03:01,DRB5*ID12,DRB5*ID12
SOTE132,DQA1*01:01:01,DQA1*02:01:01,DQB1*02:02:01,DQB1*05:01:01,DRB1*ID0,DRB1*07:01:01,,,DRB4*01:03:01,DRB4*01:03:01,,
SOTE133,DQA1*02:01:01,DQA1*05:05:01,DQB1*ID29,DQB1*ID30,DRB1*07:01:01,DRB1*11:01:01,DRB3*02:02:01,DRB3*02:02:01,DRB4*01:03:01,DRB4*01:03:01,,
SOTE136,DQA1*01:02:01,DQA1*03:01:01,DQB1*03:02:01,DQB1*06:02:01,DRB1*04:04:01,DRB1*15:01:01,,,DRB4*01:03:02,DRB4*01:03:02,DRB5*01:01:01,DRB5*01:01:01
SOTE14,DQA1*03:01:01,DQA1*05:05:01,DQB1*ID31,DQB1*ID32,DRB1*04:01:01,DRB1*13:03:01,DRB3*01:01:02,DRB3*01:01:02,DRB4*01:03:01,DRB4*01:03:01,,
SOTE144,DQA1*01:03:01,DQA1*05:01:01,DQB1*02:01:01,DQB1*06:03:01,DRB1*ID19,DRB1*ID17,DRB3*01:01:02,DRB3*02:02:01,,,,
SOTE15,DQA1*01:02:02,DQA1*05:05:01,DQB1*ID1,DQB1*05:02:01,DRB1*11:01:01,DRB1*16:01:01,DRB3*02:02:01,DRB3*02:02:01,,,DRB5*02:02:01,DRB5*02:02:01
SOTE156,DQA1*03:01:01,DQA1*05:01:01,DQB1*02:01:01,DQB1*03:02:01,DRB1*ID3,DRB1*ID33,DRB3*01:01:02,DRB3*01:01:02,DRB4*01:03:01,DRB4*01:03:01,,
SOTE16,DQA1*01:04:01,DQA1*05:05:01,DQB1*ID1,DQB1*05:03:01,DRB1*ID34,DRB1*ID35,DRB3*02:02:01,DRB3*02:02:01,,,,
SOTE162,DQA1*01:02:02,DQA1*01:03:01,DQB1*05:02:01,DQB1*06:03:01,DRB1*13:01:01,DRB1*16:01:01,DRB3*01:01:02,DRB3*01:01:02,DRB4*01:03:01,DRB4*01:03:02,DRB5*02:02:01,DRB5*02:02:01
SOTE164,DQA1*01:02:02,DQA1*05:05:01,DQB1*ID1,DQB1*05:02:01,DRB1*13:03:01,DRB1*ID4,DRB3*01:01:02,DRB3*01:01:02,,,DRB5*02:02:01,DRB5*02:02:01
SOTE166,DQA1*01:03:01,DQA1*05:05:01,DQB1*ID1,DQB1*06:01:01,DRB1*11:04:01,DRB1*ID37,DRB3*ID14,DRB3*ID14,,,DRB5*ID36,DRB5*ID36
SOTE179,DQA1*01:01:02,DQA1*01:02:02,DQB1*05:01:01,DQB1*05:02:01,DRB1*01:02:01,DRB1*16:34,,,,,DRB5*02:02:01,DRB5*02:02:01
SOTE18,DQA1*01:01:02,DQA1*02:01:01,DQB1*03:03:02,DQB1*05:01:01,DRB1*01:02:01,DRB1*07:01:01,,,DRB4*01:03:01,DRB4*01:03:01,,
SOTE185,DQA1*01:01:01,DQA1*01:04:01,DQB1*05:01:01,DQB1*05:03:01,DRB1*ID0,DRB1*14:54:01,DRB3*02:02:01,DRB3*02:02:01,DRB4*ID38,DRB4*ID38,DRB5*02:02:01,DRB5*02:02:01
SOTE189,DQA1*01:02:02,DQA1*03:03:01,DQB1*ID1,DQB1*05:02:01,DRB1*04:07:01,DRB1*16:01:01,,,DRB4*01:03:01,DRB4*01:03:01,DRB5*02:02:01,DRB5*02:02:01
SOTE19,DQA1*01:04:01,DQA1*03:01:01,DQB1*03:02:01,DQB1*05:03:01,DRB1*04:02:01,DRB1*14:54:01,DRB3*02:02:01,DRB3*02:02:01,DRB4*01:03:01,DRB4*01:03:01,,
SOTE190,DQA1*01:02:02,DQA1*01:03:01,DQB1*05:02:01,DQB1*06:03:01,DRB1*13:01:01,DRB1*16:01:01,DRB3*01:01:02,DRB3*01:01:02,DRB4*01:03:01,DRB4*01:03:01,DRB5*02:02:01,DRB5*02:02:01
SOTE192,DQA1*01:04:02,DQA1*02:01:01,DQB1*03:03:02,DQB1*05:03:01,DRB1*07:01:01,DRB1*14:04:01,DRB3*02:02:01,DRB3*02:02:01,DRB4*01:03:01,DRB4*01:03:01,DRB5*01:01:01,DRB5*02:02:01
SOTE196,DQA1*01:03:01,DQA1*05:05:01,DQB1*ID1,DQB1*06:03:01,DRB1*11:04:01,DRB1*13:01:17#1,DRB3*01:01:02#1,DRB3*02:96,DRB4*01:01:01,DRB4*01:03:01,DRB5*02:02:01,DRB5*02:02:01
SOTE198,DQA1*01:01:01,DQA1*01:02:01,DQB1*05:01:01,DQB1*06:39,DRB1*ID0,DRB1*15:01:01,,,,,DRB5*01:01:01,DRB5*01:01:01
SOTE199,DQA1*01:02:01,DQA1*05:03:01,DQB1*ID1,DQB1*06:02:01,DRB1*11:01:01,DRB1*15:01:01,DRB3*02:02:01,DRB3*02:02:01,,,DRB5*01:01:01,DRB5*01:01:01
SOTE2,DQA1*01:04:01,DQA1*03:03:01,DQB1*ID1,DQB1*05:03:01,DRB1*ID39,DRB1*14:54:01,DRB3*02:02:01,DRB3*02:02:01,DRB4*01:03:01,DRB4*01:03:01,DRB5*02:02:01,DRB5*02:02:01
SOTE206,DQA1*02:01:01,DQA1*05:01:01,DQB1*02:01:01,DQB1*02:02:01,DRB1*ID3,DRB1*07:01:01,DRB3*01:01:02,DRB3*01:01:02,DRB4*01:03:01,DRB4*01:03:01,,
SOTE21,DQA1*01:01:01,DQA1*02:01:01,DQB1*02:02:01,DQB1*05:01:01,DRB1*ID0,DRB1*07:01:01,,,DRB4*01:01:01,DRB4*01:01:01,,
SOTE211,DQA1*01:03:01,DQA1*02:01:01,DQB1*03:03:02,DQB1*06:03:01,DRB1*07:01:01,DRB1*13:01:01,DRB3*02:02:01,DRB3*02:02:01,DRB4*01:03:01,DRB4*01:03:01,,
SOTE217,DQA1*01:01:02,DQA1*01:02:02,DQB1*05:01:01,DQB1*05:02:01,DRB1*01:02:01,DRB1*16:01:01,,,DRB4*01:01:01,DRB4*01:03:01,DRB5*02:02:01,DRB5*02:02:01
SOTE219,DQA1*01:01:01,DQA1*05:01:01,DQB1*02:01:01,DQB1*05:01:01,DRB1*ID0,DRB1*ID3,DRB3*01:01:02,DRB3*01:01:02,DRB4*01:03:01,DRB4*01:03:01,DRB5*01:01:01,DRB5*01:01:01
SOTE22,DQA1*01:02:01,DQA1*03:02:01,DQB1*03:03:02,DQB1*06:02:01,DRB1*ID40,DRB1*15:01:01,,,DRB4*01:03:02,DRB4*01:03:02,DRB5*01:01:01,DRB5*01:01:01
SOTE220,DQA1*01:02:01,DQA1*05:05:01,DQB1*06:02:01,DQB1*06:02:01,DRB1*11:03:01,DRB1*15:01:01,DRB3*02:02:01,DRB3*02:02:01,,,DRB5*01:01:01,DRB5*01:01:01
SOTE222,DQA1*01:03:01,DQA1*05:05:01,DQB1*03:12,DQB1*06:03:01,DRB1*ID26,DRB1*13:01:01,DRB3*02:02:01,DRB3*02:02:01,,,,
SOTE228,DQA1*01:02:01,DQA1*03:01:01,DQB1*03:02:01,DQB1*06:09:01,DRB1*04:02:01,DRB1*13:02:01,DRB3*03:01:01,DRB3*03:01:01,DRB4*01:03:01,DRB4*01:03:01,DRB5*ID41,DRB5*ID42
SOTE229,DQA1*02:01:01,DQA1*03:03:01,DQB1*02:02:01,DQB1*ID1,DRB1*04:01:01,DRB1*07:01:01,,,DRB4*01:01:01,DRB4*01:03:01,,
SOTE23,DQA1*02:01:01,DQA1*03:03:01,DQB1*02:02:01,DQB1*03:04:01,DRB1*04:08:01,DRB1*07:01:01,,,DRB4*01:01:01,DRB4*01:03:01,,
SOTE231,DQA1*05:01:01,DQA1*05:05:01,DQB1*02:01:01,DQB1*ID1,DRB1*ID3,DRB1*ID26,DRB3*01:01:02,DRB3*02:02:01,,,,
SOTE244,DQA1*01:02:01,DQA1*05:01:01,DQB1*02:01:01,DQB1*06:02:01,DRB1*ID3,DRB1*15:01:01,DRB3*01:01:02,DRB3*01:01:02,,,DRB5*01:01:01,DRB5*01:01:01
SOTE248,DQA1*01:01:01,DQA1*05:05:01,DQB1*ID1,DQB1*05:01:01,DRB1*ID0,DRB1*ID26,DRB3*01:01:02,DRB3*01:01:02,,,,
SOTE249,DQA1*01:05:01,DQA1*04:01:01,DQB1*04:02:01,DQB1*05:01:01,DRB1*08:01:01,DRB1*10:01:01,,,,,,
SOTE25,DQA1*01:04:01,DQA1*05:01:01,DQB1*02:01:01,DQB1*05:03:01,DRB1*ID3,DRB1*14:54:01,DRB3*01:01:02,DRB3*02:02:01,,,,
SOTE250,DQA1*01:02:02,DQA1*02:01:01,DQB1*02:02:01,DQB1*05:02:01,DRB1*07:01:01,DRB1*16:02:01,,,DRB4*01:01:01,DRB4*01:01:01,DRB5*02:02:01,DRB5*02:02:01
SOTE251,DQA1*01:03:01,DQA1*05:05:01,DQB1*ID1,DQB1*06:03:01,DRB1*11:04:01,DRB1*13:01:01,DRB3*01:01:02,DRB3*02:02:01,DRB4*01:03:01,DRB4*01:03:01,,
SOTE253,DQA1*01:02:01,DQA1*04:01:01,DQB1*04:02:01,DQB1*06:02:01,DRB1*ID43,DRB1*ID44,,,,,DRB5*ID12,DRB5*ID12
SOTE256,DQA1*03:01:01,DQA1*05:01:01,DQB1*02:01:01,DQB1*03:02:01,DRB1*ID3,DRB1*04:04:01,DRB3*02:02:01,DRB3*02:02:01,DRB4*01:03:01,DRB4*01:03:01,DRB5*01:01:01,DRB5*01:01:01
SOTE257,DQA1*01:03:01,DQA1*03:01:01,DQB1*03:02:01,DQB1*05:03:01,DRB1*04:01:01,DRB1*ID6,,,DRB4*01:03:01,DRB4*01:03:01,DRB5*01:10N,DRB5*01:10N
SOTE26,DQA1*01:02:03,DQA1*01:04:01,DQB1*05:03:01,DQB1*06:02:01,DRB1*14:04:01,DRB1*15:01:01,DRB3*02:02:01,DRB3*02:02:01,,,DRB5*01:01:01,DRB5*01:01:01
SOTE260,DQA1*02:01:01,DQA1*03:01:01,DQB1*02:02:01,DQB1*03:02:01,DRB1*04:01:01,DRB1*07:01:01,,,DRB4*01:03:01,DRB4*01:03:01,DRB5*01:01:01,DRB5*02:02:01#1
SOTE262,DQA1*02:01:01,DQA1*03:03:01,DQB1*02:02:01,DQB1*03:02:01,DRB1*04:05:01,DRB1*07:01:01,,,DRB4*01:03:01,DRB4*01:03:01,,
SOTE263,DQA1*01:01:01,DQA1*05:05:01,DQB1*ID1,DQB1*05:01:01,DRB1*ID0,DRB1*11:01:01,DRB3*02:02:01,DRB3*02:02:01,,,,
SOTE267,DQA1*01:01:01,DQA1*02:01:01,DQB1*02:02:01,DQB1*05:01:01,DRB1*ID0,DRB1*07:01:01,,,DRB4*01:03:01,DRB4*01:03:01,,
SOTE270,DQA1*01:03:01,DQA1*05:05:01,DQB1*ID1,DQB1*06:03:01,DRB1*11:04:01,DRB1*13:01:01,DRB3*01:01:02,DRB3*02:02:01,,,,
SOTE275,DQA1*01:03:01,DQA1*05:05:01,DQB1*ID1,DQB1*06:03:01,DRB1*11:01:01,DRB1*13:01:01,DRB3*01:01:02,DRB3*02:02:01,,,,
SOTE276,DQA1*01:03:01,DQA1*05:05:01,DQB1*ID1,DQB1*06:01:01,DRB1*11:04:01,DRB1*ID6,DRB3*02:02:01,DRB3*02:02:01,,,DRB5*01:02,DRB5*01:02
SOTE277,DQA1*05:01:01,DQA1*05:05:01,DQB1*02:01:01,DQB1*ID1,DRB1*ID3,DRB1*11:04:01,DRB3*01:01:02,DRB3*02:02:01,DRB4*01:01:01,DRB4*01:03:01,,
SOTE28,DQA1*01:01:01,DQA1*01:04:01,DQB1*05:01:01,DQB1*05:02:01,DRB1*ID0,DRB1*14:54:01,DRB3*ID45,DRB3*ID45,,,DRB5*ID46,DRB5*ID46
SOTE281,DQA1*01:01:01,DQA1*01:02:01,DQB1*05:01:01,DQB1*06:09:01,DRB1*ID0,DRB1*13:02:01,DRB3*03:01:01,DRB3*03:01:01,,,,
SOTE282,DQA1*01:02:04,DQA1*05:05:01,DQB1*ID1,DQB1*05:02:01,DRB1*13:03:01,DRB1*16:01:01,DRB3*01:01:02,DRB3*01:01:02,,,DRB5*02:02:01,DRB5*02:02:01
SOTE283,DQA1*03:01:01,DQA1*05:01:01,DQB1*02:01:01,DQB1*03:02:01,DRB1*ID3,DRB1*04:04:01,DRB3*02:02:01,DRB3*02:02:01,DRB4*01:03:02,DRB4*01:03:02,DRB5*01:01:01,DRB5*01:02
SOTE284,DQA1*01:02:02,DQA1*03:01:01,DQB1*03:02:01,DQB1*05:02:01,DRB1*04:02:01,DRB1*16:01:01,,,DRB4*01:03:01,DRB4*01:03:01,DRB5*02:02:01,DRB5*02:02:01
SOTE285,DQA1*02:01:01,DQA1*05:05:01,DQB1*02:02:01,DQB1*ID1,DRB1*07:01:01,DRB1*ID26,DRB3*02:02:01,DRB3*02:02:01,DRB4*01:03:01,DRB4*01:03:01,,
SOTE286,DQA1*01:02:01,DQA1*05:01:01,DQB1*02:01:01,DQB1*06:04:01,DRB1*ID3,DRB1*13:02:01,DRB3*02:02:01,DRB3*03:01:01,,,,
SOTE287,DQA1*01:02:02,DQA1*01:04:02,DQB1*05:02:01,DQB1*05:03:01,DRB1*14:04:01,DRB1*16:01:01,DRB3*02:02:01,DRB3*02:02:01,DRB4*01:01:01,DRB4*01:03:01,DRB5*02:02:01,DRB5*02:02:01
SOTE288,DQA1*01:04:01,DQA1*05:05:01,DQB1*ID1,DQB1*05:03:01,DRB1*11:01:01,DRB1*14:01:01,DRB3*02:02:01,DRB3*02:02:01,DRB4*01:03:01,DRB4*01:03:01,DRB5*01:02,DRB5*01:02
SOTE289,DQA1*02:01:01,DQA1*05:05:01,DQB1*03:03:02,DQB1*03:12,DRB1*07:01:01,DRB1*ID26,DRB3*02:02:01,DRB3*02:02:01,DRB4*01:03:01,DRB4*01:03:01,DRB5*01:02,DRB5*02:02:01
SOTE291,DQA1*01:01:01,DQA1*02:01:01,DQB1*02:02:01,DQB1*05:01:01,DRB1*ID0,DRB1*07:01:01,,,DRB4*01:03:01,DRB4*01:03:01,,
SOTE292,DQA1*01:03:01,DQA1*02:01:01,DQB1*02:02:01,DQB1*06:03:01,DRB1*07:01:01,DRB1*13:01:01,DRB3*01:01:02,DRB3*01:01:02,DRB4*01:01:01,DRB4*01:01:01,DRB5*01:01:01,DRB5*02:02:01
SOTE295,DQA1*01:02:02,DQA1*01:03:01,DQB1*05:02:01,DQB1*06:01:01,DRB1*15:01:01,DRB1*ID6,,,,,DRB5*01:01:01,DRB5*01:02
SOTE296,DQA1*01:05:01,DQA1*02:01:01,DQB1*02:02:01,DQB1*05:01:01,DRB1*07:01:01,DRB1*10:01:01,,,DRB4*01:01:01,DRB4*01:01:01,,
SOTE297,DQA1*01:02:01,DQA1*05:01:01,DQB1*02:01:01,DQB1*06:04:01,DRB1*ID3,DRB1*13:02:01,DRB3*01:01:02,DRB3*03:01:01,,,,
SOTE299,DQA1*02:01:01,DQA1*05:05:01,DQB1*ID29,DQB1*ID30,DRB1*07:01:01,DRB1*11:01:01,DRB3*02:02:01,DRB3*02:02:01,DRB4*01:03:01,DRB4*01:03:01,,
SOTE3,DQA1*01:01:02,DQA1*04:01:01,DQB1*04:02:01,DQB1*05:01:01,DRB1*01:02:01,DRB1*08:01:01,,,DRB4*01:03:01,DRB4*01:03:01,,
SOTE30,DQA1*03:01:01,DQA1*05:05:01,DQB1*ID31,DQB1*ID32,DRB1*04:02:01,DRB1*11:04:01,DRB3*02:02:01,DRB3*02:02:01,DRB4*01:03:01,DRB4*01:03:01,,
SOTE304,DQA1*03:03:01,DQA1*03:03:01,DQB1*ID31,DQB1*ID32,DRB1*04:01:01,DRB1*04:05:01,,,DRB4*01:03:01,DRB4*01:03:01,,
SOTE306,DQA1*01:04:01,DQA1*03:01:01,DQB1*03:05:03,DQB1*05:03:01,DRB1*ID47,DRB1*14:54:01,DRB3*02:02:01,DRB3*02:02:01,DRB4*01:03:01,DRB4*01:03:01,,
SOTE307,DQA1*01:02:01,DQA1*01:02:02,DQB1*05:02:01,DQB1*06:09:01,DRB1*13:02:01,DRB1*16:01:01,DRB3*03:01:01,DRB3*03:01:01,,,DRB5*02:02:01,DRB5*02:02:01
SOTE31,DQA1*01:03:01,DQA1*03:03:01,DQB1*03:02:01,DQB1*06:01:01,DRB1*ID48,DRB1*ID6,,,DRB4*01:03:01,DRB4*01:03:01,DRB5*01:02,DRB5*01:02
SOTE310,DQA1*01:01:01,DQA1*01:03:01,DQB1*05:01:01,DQB1*06:03:01,DRB1*ID0,DRB1*13:01:01,DRB3*01:01:02,DRB3*01:01:02,,,,
SOTE311,DQA1*01:02:01,DQA1*02:01:01,DQB1*02:02:01,DQB1*06:02:01,DRB1*07:01:01,DRB1*16:01:01,,,DRB4*01:01:01,DRB4*01:01:01,DRB5*02:02:01,DRB5*02:02:01
SOTE312,DQA1*01:04:01,DQA1*03:01:01,DQB1*03:02:01,DQB1*05:03:01,DRB1*04:02:01,DRB1*14:54:01,DRB3*02:02:01,DRB3*02:02:01,DRB4*01:03:01,DRB4*01:03:01,DRB5*02:02:01,DRB5*02:02:01#1
SOTE316,DQA1*01:02:01,DQA1*04:01:01,DQB1*04:02:01,DQB1*06:04:01,DRB1*08:01:01,DRB1*13:02:01,DRB3*ID49,DRB3*ID49,DRB4*01:03:01,DRB4*01:03:01,,
SOTE317,DQA1*01:01:01,DQA1*05:05:01,DQB1*ID1,DQB1*05:01:01,DRB1*ID0,DRB1*ID26,DRB3*02:02:01,DRB3*02:02:01#1,,,,
SOTE318,DQA1*01:01:02,DQA1*05:05:01,DQB1*ID1,DQB1*05:01:01,DRB1*01:02:01,DRB1*11:01:01,DRB3*02:02:01,DRB3*02:02:01,DRB4*ID50,DRB4*ID50,,
SOTE32,DQA1*02:01:01,DQA1*05:05:01,DQB1*02:02:01,DQB1*ID1,DRB1*07:01:01,DRB1*11:01:01,DRB3*02:02:01,DRB3*02:02:01,DRB4*01:01:01,DRB4*01:01:01,,
SOTE320,DQA1*02:01:01,DQA1*05:05:01,DQB1*ID29,DQB1*ID30,DRB1*07:01:01,DRB1*11:01:01,DRB3*02:02:01,DRB3*02:02:01,DRB4*01:03:01,DRB4*01:03:01,DRB5*01:01:01,DRB5*01:01:01
SOTE321,DQA1*01:04:01,DQA1*05:05:01,DQB1*ID1,DQB1*05:03:01,DRB1*ID34,DRB1*ID35,DRB3*02:02:01,DRB3*02:02:01,,,,
SOTE323,DQA1*03:01:01,DQA1*03:01:01,DQB1*03:02:01,DQB1*03:04:01,DRB1*ID51,DRB1*ID52,,,DRB4*01:03:01,DRB4*01:03:01,,
SOTE324,DQA1*03:03:01,DQA1*05:01:01,DQB1*02:01:01,DQB1*ID1,DRB1*ID53,DRB1*ID54,DRB3*ID14,DRB3*ID14,DRB4*01:03:01,DRB4*01:03:01,,
SOTE325,DQA1*02:01:01,DQA1*03:01:01,DQB1*02:02:01,DQB1*03:02:01,DRB1*04:02:01,DRB1*07:01:01,,,DRB4*01:01:01,DRB4*01:03:01,,
SOTE327,DQA1*01:01:01,DQA1*01:03:01,DQB1*05:01:01,DQB1*06:03:01,DRB1*ID0,DRB1*13:01:01,DRB3*01:01:02,DRB3*01:01:02,DRB4*01:01:01,DRB4*01:03:01,DRB5*01:02,DRB5*01:02
SOTE33,DQA1*01:04:01,DQA1*05:01:01,DQB1*02:01:01,DQB1*05:03:01,DRB1*ID3,DRB1*14:54:01,DRB3*01:01:02,DRB3*02:02:01,,,,
SOTE330,DQA1*01:01:02,DQA1*03:03:01,DQB1*04:02:01,DQB1*05:01:01,DRB1*01:02:01,DRB1*04:04:01,,,DRB4*01:03:01,DRB4*01:03:01,,
SOTE331,DQA1*01:02:01,DQA1*05:01:01,DQB1*02:01:01,DQB1*06:02:01,DRB1*ID3,DRB1*15:01:01,DRB3*02:02:01,DRB3*02:02:01,,,DRB5*01:01:01,DRB5*01:01:01
SOTE333,DQA1*02:01:01,DQA1*05:05:01,DQB1*02:02:01,DQB1*ID1,DRB1*07:01:01,DRB1*ID26,DRB3*02:02:01,DRB3*02:02:01,DRB4*01:01:01,DRB4*01:01:01,,
SOTE335,DQA1*01:01:01,DQA1*01:03:01,DQB1*05:01:01,DQB1*05:03:01,DRB1*ID0,DRB1*ID6,,,,,DRB5*01:10N,DRB5*01:10N
SOTE337,DQA1*01:02:01,DQA1*01:02:02,DQB1*05:02:01,DQB1*06:04:01,DRB1*13:02:01,DRB1*ID11,DRB3*03:01:01,DRB3*03:01:01,,,DRB5*02:02:01,DRB5*02:02:01
SOTE34,DQA1*02:01:01,DQA1*03:02:01,DQB1*02:02:01,DQB1*03:03:02,DRB1*07:01:01,DRB1*ID40,,,DRB4*01:03:01,DRB4*01:03:02,,
SOTE356,DQA1*02:01:01,DQA1*05:05:01,DQB1*02:02:01,DQB1*ID1,DRB1*07:01:01,DRB1*11:01:01,DRB3*ID55,DRB3*ID55,DRB4*01:03:01,DRB4*01:03:01,,
SOTE357,DQA1*01:02:02,DQA1*02:01:01,DQB1*02:02:01,DQB1*05:02:01,DRB1*07:01:01,DRB1*16:01:01,,,DRB4*01:03:01,DRB4*01:03:01,DRB5*02:02:01,DRB5*02:02:01
SOTE359,DQA1*05:01:01,DQA1*05:05:01,DQB1*02:01:01,DQB1*ID1,DRB1*ID19,DRB1*ID28,DRB3*01:01:02,DRB3*02:02:01,,,,
SOTE36,DQA1*01:01:01,DQA1*01:02:01,DQB1*05:01:01,DQB1*06:02:01,DRB1*ID0,DRB1*15:01:01,,,,,DRB5*01:01:01,DRB5*01:01:01
SOTE360,DQA1*01:01:01,DQA1*02:01:01,DQB1*02:02:01,DQB1*05:01:01,DRB1*ID0,DRB1*07:01:01,,,DRB4*01:03:01,DRB4*01:03:01,,
SOTE361,DQA1*03:01:01,DQA1*05:05:01,DQB1*ID31,DQB1*ID32,DRB1*04:02:01,DRB1*13:03:01,DRB3*01:01:02,DRB3*01:67#1,DRB4*01:03:01,DRB4*01:03:01,,
SOTE367,DQA1*01:02:01,DQA1*05:05:01,DQB1*ID1,DQB1*06:02:01,DRB1*11:04:01,DRB1*15:01:01,DRB3*ID2,DRB3*ID2,,,DRB5*01:01:01,DRB5*01:01:01
SOTE370,DQA1*03:01:01,DQA1*05:05:01,DQB1*ID31,DQB1*ID32,DRB1*ID9,DRB1*13:03:01,DRB3*01:01:02,DRB3*01:01:02,DRB4*01:03:01,DRB4*01:03:01,,
SOTE373,DQA1*03:01:01,DQA1*05:05:01,DQB1*ID31,DQB1*ID32,DRB1*ID56,DRB1*11:04:01,DRB3*02:02:01,DRB3*02:02:01,DRB4*01:03:01,DRB4*01:03:01,,
SOTE375,DQA1*01:02:02,DQA1*05:05:01,DQB1*ID1,DQB1*05:02:01,DRB1*13:03:01,DRB1*ID57,DRB3*01:01:02,DRB3*01:01:02,,,DRB5*02:02:01,DRB5*02:02:01
SOTE38,DQA1*03:01:01,DQA1*05:05:01,DQB1*ID31,DQB1*ID32,DRB1*04:04:01,DRB1*13:05:01,DRB3*02:02:01,DRB3*02:02:01,DRB4*01:03:02,DRB4*01:03:02,,
SOTE386,DQA1*01:01:01,DQA1*02:01:01,DQB1*03:03:02,DQB1*05:01:01,DRB1*ID0,DRB1*07:01:01,,,DRB4*01:03:01,DRB4*01:03:01,,
SOTE387,DQA1*01:02:01,DQA1*03:01:01,DQB1*03:02:01,DQB1*06:04:01,DRB1*04:02:01,DRB1*13:02:01,DRB3*03:01:01,DRB3*03:01:01,DRB4*01:03:01,DRB4*01:03:01,,
SOTE39,DQA1*01:02:01,DQA1*05:05:01,DQB1*ID1,DQB1*06:02:01,DRB1*11:01:01,DRB1*15:01:01,DRB3*02:02:01,DRB3*02:02:01,,,DRB5*01:01:01,DRB5*01:01:01
SOTE390,DQA1*01:04:01,DQA1*02:01:01,DQB1*03:03:02,DQB1*05:03:01,DRB1*07:01:01,DRB1*ID7,DRB3*02:02:01,DRB3*02:02:01,DRB4*01:03:01,DRB4*01:03:01,,
SOTE391,DQA1*01:02:01,DQA1*05:01:01,DQB1*02:01:01,DQB1*06:02:01,DRB1*ID3,DRB1*15:01:01,DRB3*01:01:02,DRB3*01:01:02,,,DRB5*01:01:01,DRB5*01:01:01
SOTE399,DQA1*03:02:01,DQA1*05:01:01,DQB1*02:01:01,DQB1*03:03:02,DRB1*ID3,DRB1*09:01:02,DRB3*02:02:01,DRB3*02:02:01,DRB4*01:03:02,DRB4*01:03:02,,
SOTE401,DQA1*01:01:01,DQA1*01:03:01,DQB1*05:01:01,DQB1*06:03:01,DRB1*ID0,DRB1*13:01:01,DRB3*01:01:02,DRB3*01:01:02,DRB4*01:03:01,DRB4*01:03:01,,
SOTE405,DQA1*02:01:01,DQA1*05:05:01,DQB1*02:02:01,DQB1*ID1,DRB1*07:01:01,DRB1*11:01:01,DRB3*02:02:01,DRB3*02:02:01,DRB4*01:03:01,DRB4*01:03:01,,
SOTE406,DQA1*01:03:01,DQA1*05:05:01,DQB1*ID1,DQB1*06:03:01,DRB1*11:03:01,DRB1*13:18,DRB3*01:01:02,DRB3*02:02:01,,,,
SOTE409,DQA1*02:01:01,DQA1*04:01:01,DQB1*02:02:01,DQB1*04:02:01,DRB1*07:01:01,DRB1*08:01:01,,,DRB4*01:03:01,DRB4*01:03:01,,
SOTE412,DQA1*01:02:01,DQA1*05:01:01,DQB1*02:01:01,DQB1*06:02:01,DRB1*ID3,DRB1*15:01:01,DRB3*01:01:02,DRB3*01:01:02,DRB4*01:03:01,DRB4*01:03:01,DRB5*01:01:01,DRB5*01:01:01
SOTE418,DQA1*04:01:01,DQA1*05:05:01,DQB1*ID1,DQB1*04:02:01,DRB1*08:01:01,DRB1*11:01:01,DRB3*02:02:01,DRB3*02:02:01,,,,
SOTE419,DQA1*01:03:01,DQA1*05:01:01,DQB1*02:01:01,DQB1*06:03:01,DRB1*ID19,DRB1*ID17,DRB3*01:01:02,DRB3*01:01:02,,,,
SOTE42,DQA1*01:01:02,DQA1*05:05:01,DQB1*ID1,DQB1*05:01:01,DRB1*01:02:01,DRB1*11:01:01,DRB3*02:02:01,DRB3*02:02:01,DRB4*01:03:01,DRB4*01:03:01,DRB5*01:01:01,DRB5*02:02:01
SOTE426,DQA1*01:02:02,DQA1*05:01:01,DQB1*02:01:01,DQB1*05:02:01,DRB1*ID3,DRB1*16:15#1,DRB3*01:01:02,DRB3*01:01:02,,,DRB5*02:02:01,DRB5*02:02:01
SOTE427,DQA1*01:02:01,DQA1*04:01:01,DQB1*04:02:01,DQB1*06:04:01,DRB1*08:01:01#1,DRB1*13:02:01,DRB3*03:01:01,DRB3*03:01:01,,,,
SOTE428,DQA1*01:02:02,DQA1*05:05:01,DQB1*ID1,DQB1*05:02:01,DRB1*11:04:01,DRB1*ID59,DRB3*ID58,DRB3*ID58,,,DRB5*02:02:01,DRB5*02:02:01
SOTE43,DQA1*02:01:01,DQA1*06:01:01,DQB1*02:02:01,DQB1*ID1,DRB1*07:01:01,DRB1*12:02:01,DRB3*03:01:03,DRB3*03:01:03,DRB4*01:01:01,DRB4*01:01:01,,
SOTE433,DQA1*01:01:01,DQA1*04:01:01,DQB1*04:02:01,DQB1*05:01:01,DRB1*ID0,DRB1*08:01:01,,,,,DRB5*02:02:01,DRB5*02:02:01
SOTE435,DQA1*01:02:02,DQA1*02:01:01,DQB1*02:02:01,DQB1*05:02:01,DRB1*07:01:01,DRB1*16:01:01,,,DRB4*01:03:01,DRB4*01:03:01,DRB5*02:02:01,DRB5*02:02:01
SOTE438,DQA1*01:02:02,DQA1*05:01:01,DQB1*02:01:01,DQB1*05:02:01,DRB1*ID3,DRB1*15:01:01,DRB3*01:01:02,DRB3*01:01:02,,,DRB5*01:01:01,DRB5*01:01:01
SOTE44,DQA1*01:01:01,DQA1*01:02:02,DQB1*05:01:01,DQB1*05:02:01,DRB1*ID0,DRB1*16:02:01,,,,,DRB5*02:02:01,DRB5*02:02:01
SOTE440,DQA1*01:01:01,DQA1*01:03:01,DQB1*05:01:01,DQB1*05:03:01,DRB1*ID0,DRB1*ID6,,,,,DRB5*01:10N,DRB5*01:10N
SOTE441,DQA1*01:02:01,DQA1*05:05:01,DQB1*ID1,DQB1*06:04:01,DRB1*11:01:01,DRB1*13:02:01,DRB3*02:02:01,DRB3*03:01:01,DRB4*01:03:01,DRB4*01:03:01,,
SOTE449,DQA1*01:02:01,DQA1*05:01:01,DQB1*02:01:01,DQB1*06:02:01,DRB1*ID3,DRB1*15:01:01,DRB3*01:01:02,DRB3*01:01:02,,,DRB5*01:01:01,DRB5*01:01:01
SOTE45,DQA1*01:02:01,DQA1*03:01:01,DQB1*03:02:01,DQB1*06:02:01,DRB1*04:04:01,DRB1*15:01:01,,,DRB4*01:03:01,DRB4*01:03:01,DRB5*01:01:01,DRB5*01:01:01
SOTE450,DQA1*01:03:01,DQA1*01:04:01,DQB1*05:03:01,DQB1*06:03:01,DRB1*ID60,DRB1*ID61,DRB3*01:01:02,DRB3*02:02:01,,,,
SOTE454,DQA1*01:02:02,DQA1*05:05:01,DQB1*ID1,DQB1*05:02:01,DRB1*11:04:01,DRB1*ID11,DRB3*02:02:01,DRB3*02:02:01,,,DRB5*02:02:01,DRB5*02:02:01
SOTE455,DQA1*01:03:01,DQA1*05:01:01,DQB1*02:01:01,DQB1*06:03:01,DRB1*ID19,DRB1*ID17,DRB3*01:01:02,DRB3*01:01:02,,,DRB5*02:02:01,DRB5*02:02:01
SOTE456,DQA1*05:01:01,DQA1*05:03:01,DQB1*02:01:01,DQB1*ID1,DRB1*ID3,DRB1*08:01:01,DRB3*01:01:02,DRB3*01:01:02,,,,
SOTE458,DQA1*01:01:02,DQA1*05:05:01,DQB1*ID1,DQB1*05:01:01,DRB1*01:02:01,DRB1*11:01:01,DRB3*02:02:01,DRB3*02:02:01,,,DRB5*01:10N,DRB5*01:10N
SOTE462,DQA1*04:01:01,DQA1*05:01:01,DQB1*02:01:01,DQB1*04:02:01,DRB1*ID62,DRB1*ID63,DRB3*01:01:02,DRB3*01:01:02,,,,
SOTE466,DQA1*01:02:02,DQA1*03:01:01,DQB1*03:02:01,DQB1*05:02:01,DRB1*04:01:01,DRB1*15:01:01,,,DRB4*01:03:01,DRB4*01:03:01,DRB5*01:01:01,DRB5*01:01:01
SOTE467,DQA1*01:02:02,DQA1*05:09,DQB1*ID1,DQB1*05:02:01,DRB1*11:01:01,DRB1*ID4,DRB3*ID8,DRB3*ID8,,,DRB5*02:02:01,DRB5*02:02:01
SOTE471,DQA1*02:01:01,DQA1*03:01:01,DQB1*02:02:01,DQB1*03:04:01,DRB1*04:03:01,DRB1*07:01:01,,,DRB4*01:03:01,DRB4*01:03:01,DRB5*01:01:01,DRB5*01:01:01
SOTE473,DQA1*01:02:01,DQA1*01:02:02,DQB1*05:02:01,DQB1*06:02:01,DRB1*15:01:01,DRB1*ID4,,,,,DRB5*ID64,DRB5*ID65
SOTE478,DQA1*01:03:01,DQA1*03:03:01,DQB1*ID1,DQB1*05:03:01,DRB1*04:07:01,DRB1*ID6,,,DRB4*01:03:01,DRB4*01:03:01,DRB5*01:10N,DRB5*01:10N
SOTE479,DQA1*01:05:01,DQA1*05:05:01,DQB1*ID1,DQB1*05:01:01,DRB1*10:01:01,DRB1*11:01:01,DRB3*02:02:01,DRB3*02:02:01,DRB4*01:03:01,DRB4*01:03:01,DRB5*01:10N,DRB5*01:10N
SOTE48,DQA1*05:01:01#1,DQA1*05:05:01#1,DQB1*02:01:01,DQB1*ID1,DRB1*ID3,DRB1*11:04:01,DRB3*01:01:02,DRB3*02:02:01,,,,
SOTE480,DQA1*04:01:01,DQA1*05:05:01,DQB1*ID1,DQB1*04:02:01,DRB1*ID63,DRB1*ID66,DRB3*02:02:01,DRB3*02:02:01,,,,
SOTE481,DQA1*01:04:02,DQA1*05:05:01,DQB1*ID1,DQB1*05:03:01,DRB1*13:03:01,DRB1*14:04:01,DRB3*01:01:02,DRB3*02:02:01,,,DRB5*ID12,DRB5*ID12
SOTE482,DQA1*01:02:01,DQA1*05:05:01,DQB1*ID1,DQB1*06:02:01,DRB1*11:03:01,DRB1*15:01:01,DRB3*02:02:01,DRB3*02:02:01,,,DRB5*01:01:01,DRB5*01:01:01
SOTE483,DQA1*03:01:01,DQA1*05:05:01,DQB1*ID31,DQB1*ID32,DRB1*ID9,DRB1*11:04:01,DRB3*02:02:01,DRB3*02:02:01,DRB4*01:03:01,DRB4*01:03:01,,
SOTE485,DQA1*01:02:01,DQA1*01:02:02,DQB1*05:02:01,DQB1*06:02:01,DRB1*15:01:01,DRB1*ID4,,,,,DRB5*ID67,DRB5*ID68
SOTE486,DQA1*03:03:01,DQA1*05:01:01,DQB1*02:01:01,DQB1*ID1,DRB1*ID3,DRB1*04:07:01,DRB3*01:01:02,DRB3*01:01:02,DRB4*01:03:01,DRB4*01:03:01,,
SOTE49,DQA1*01:01:01,DQA1*03:03:01,DQB1*ID1,DQB1*05:01:01,DRB1*ID0,DRB1*04:01:01,,,DRB4*01:03:01,DRB4*01:03:01,,
SOTE499,DQA1*01:03:01,DQA1*05:05:01,DQB1*ID1,DQB1*06:03:01,DRB1*11:04:01,DRB1*13:01:01,DRB3*02:02:01,DRB3*02:02:01,,,,
SOTE5,DQA1*02:01:01,DQA1*05:05:01,DQB1*ID29,DQB1*ID30,DRB1*07:01:01,DRB1*11:01:01,DRB3*02:02:01,DRB3*02:02:01,DRB4*01:03:01,DRB4*01:03:01,,
SOTE500,DQA1*01:04:01,DQA1*02:01:01,DQB1*02:02:01,DQB1*05:03:01,DRB1*07:01:01,DRB1*ID7,DRB3*02:02:01,DRB3*02:02:01,DRB4*01:03:01,DRB4*01:03:01,,
SOTE503,DQA1*05:01:01,DQA1*05:05:01,DQB1*02:01:01,DQB1*ID1,DRB1*ID19,DRB1*ID15,DRB3*ID8,DRB3*ID8,,,,
SOTE504,DQA1*02:01:01,DQA1*04:01:01,DQB1*02:02:01,DQB1*04:02:01,DRB1*07:01:01,DRB1*08:01:01,,,DRB4*01:03:01,DRB4*01:03:01,,
SOTE508,DQA1*01:02:01,DQA1*05:01:01,DQB1*02:01:01,DQB1*06:02:01,DRB1*ID3,DRB1*15:01:01,DRB3*01:01:02,DRB3*01:01:02,,,DRB5*01:01:01,DRB5*01:01:01
SOTE51,DQA1*02:01:01,DQA1*05:05:01,DQB1*ID29,DQB1*ID30,DRB1*07:01:01,DRB1*11:01:01,DRB3*02:02:01,DRB3*02:02:01,DRB4*01:03:01,DRB4*01:03:01,,
SOTE514,DQA1*01:03:01,DQA1*05:01:01,DQB1*02:01:01,DQB1*06:03:01,DRB1*ID19,DRB1*ID17,DRB3*01:01:02,DRB3*01:01:02,,,,
SOTE53,DQA1*01:02:01,DQA1*01:04:01,DQB1*05:03:01,DQB1*06:02:01,DRB1*14:54:01,DRB1*15:01:01,DRB3*02:02:01,DRB3*02:02:01,,,DRB5*01:01:01,DRB5*01:01:01
SOTE536,DQA1*02:01:01,DQA1*03:01:01,DQB1*02:02:01,DQB1*03:02:01,DRB1*04:01:01,DRB1*07:01:01,,,DRB4*01:03:01,DRB4*01:03:01,DRB5*01:02,DRB5*01:02#1
SOTE55,DQA1*04:01:01,DQA1*05:05:01,DQB1*ID1,DQB1*04:02:01,DRB1*08:01:01,DRB1*11:04:01,DRB3*02:02:01,DRB3*02:02:01,,,,
SOTE567,,,,,,,,,,,,
SOTE58,DQA1*01:02:01,DQA1*03:02:01,DQB1*03:03:02,DQB1*06:02:01,DRB1*ID40,DRB1*15:01:01,,,DRB4*01:03:02,DRB4*01:03:02,DRB5*01:01:01,DRB5*01:01:01
SOTE589,DQA1*01:01:01,DQA1*05:05:01,DQB1*03:69#1,DQB1*05:01:01,DRB1*ID0,DRB1*11:03:01,DRB3*02:02:01,DRB3*02:02:01,,,,
SOTE6,DQA1*01:02:01,DQA1*02:01:01,DQB1*02:02:01,DQB1*06:02:01,DRB1*07:01:01,DRB1*15:01:01,,,DRB4*01:03:01,DRB4*01:03:01,DRB5*01:01:01,DRB5*01:01:01
SOTE60,DQA1*01:01:01,DQA1*01:04:02,DQB1*05:01:01,DQB1*05:03:01,DRB1*ID0,DRB1*14:04:01,DRB3*02:02:01,DRB3*02:02:01,,,DRB5*02:02:01,DRB5*02:02:01#1
SOTE61,DQA1*01:03:01,DQA1*05:09,DQB1*ID1,DQB1*05:03:01,DRB1*11:01:01,DRB1*ID6,DRB3*02:02:01,DRB3*02:02:01,,,DRB5*01:10N,DRB5*01:10N
SOTE65,DQA1*01:02:02,DQA1*01:03:01,DQB1*05:02:01,DQB1*06:03:01,DRB1*13:01:01,DRB1*16:01:01,DRB3*01:01:02,DRB3*01:01:02,DRB4*01:03:01,DRB4*01:03:02,DRB5*02:02:01,DRB5*02:02:01
SOTE66,DQA1*01:03:01,DQA1*05:05:01,DQB1*ID1,DQB1*06:03:01,DRB1*11:04:01,DRB1*13:01:01,DRB3*01:01:02,DRB3*02:02:01,,,DRB5*01:01:01,DRB5*01:01:01
SOTE68,DQA1*01:02:02,DQA1*01:03:01,DQB1*05:02:01,DQB1*05:03:01,DRB1*ID6,DRB1*ID69,,,,,DRB5*01:10N,DRB5*02:02:01
SOTE69,DQA1*02:01:01,DQA1*04:01:01,DQB1*03:03:02,DQB1*04:02:01,DRB1*07:01:01,DRB1*08:01:01,,,DRB4*01:03:01,DRB4*01:03:01,,
SOTE70,DQA1*05:01:01,DQA1*05:05:01,DQB1*02:01:01,DQB1*ID1,DRB1*ID19,DRB1*ID70,DRB3*01:01:02,DRB3*01:01:02,DRB4*01:03:01,DRB4*01:03:01,,
SOTE71,DQA1*05:01:01,DQA1*05:05:01,DQB1*02:01:01,DQB1*ID1,DRB1*ID19,DRB1*ID15,DRB3*01:01:02,DRB3*02:02:01,,,,
SOTE728,DQA1*02:01:01,DQA1*05:05:01,DQB1*02:02:01,DQB1*ID1,DRB1*07:01:01,DRB1*11:04:01,DRB3*02:02:01,DRB3*02:02:01,DRB4*01:03:01,DRB4*01:03:01,,
SOTE73,DQA1*01:04:02,DQA1*05:05:01,DQB1*ID1,DQB1*05:03:01,DRB1*11:04:01,DRB1*14:04:01,DRB3*ID71,DRB3*ID71,,,,
SOTE74,DQA1*01:03:01,DQA1*02:01:01,DQB1*02:02:01,DQB1*06:03:01,DRB1*07:01:01,DRB1*13:01:01,DRB3*01:01:02,DRB3*01:01:02,DRB4*01:01:01,DRB4*01:01:01,,
SOTE75,DQA1*01:01:01,DQA1*01:03:01,DQB1*05:01:01,DQB1*06:03:01,DRB1*ID0,DRB1*13:01:01,DRB3*01:01:02,DRB3*01:01:02,,,,
SOTE755,DQA1*01:01:01,DQA1*05:05:01,DQB1*ID1,DQB1*05:01:01,DRB1*ID0,DRB1*11:04:01,DRB3*ID14,DRB3*ID14,,,,
SOTE76,DQA1*01:01:01,DQA1*05:05:01,DQB1*ID1,DQB1*05:01:01,DRB1*ID0,DRB1*ID26,DRB3*02:02:01,DRB3*02:02:01,,,,
SOTE77,DQA1*02:01:01,DQA1*03:03:01,DQB1*03:03:02,DQB1*03:04:01,DRB1*04:08:01,DRB1*07:01:01,,,DRB4*01:03:01,DRB4*01:03:01,,
SOTE78,DQA1*01:04:01,DQA1*05:05:01,DQB1*ID1,DQB1*05:03:01,DRB1*11:43,DRB1*ID61,DRB3*02:02:01,DRB3*02:02:01,,,,
SOTE79,DQA1*01:03:01,DQA1*03:03:01,DQB1*04:02:01,DQB1*06:03:01,DRB1*04:10:01,DRB1*13:01:01,DRB3*01:01:02,DRB3*01:01:02,DRB4*01:03:01,DRB4*01:03:01,,
SOTE8,DQA1*01:01:02,DQA1*02:01:01,DQB1*03:03:02,DQB1*05:01:01,DRB1*01:02:01,DRB1*07:01:01,,,DRB4*01:03:01,DRB4*01:03:01,,
SOTE89,DQA1*01:01:01,DQA1*01:03:01,DQB1*05:01:01,DQB1*06:03:01,DRB1*ID0,DRB1*13:01:01,DRB3*01:01:02,DRB3*01:01:02,DRB4*01:03:01,DRB4*01:03:01,,
SOTE9,DQA1*01:02:01,DQA1*02:01:01,DQB1*02:02:01,DQB1*06:02:01,DRB1*07:01:01,DRB1*15:01:01,,,DRB4*01:03:01,DRB4*01:03:01,DRB5*01:01:01,DRB5*01:01:01
SOTE93,DQA1*01:01:01,DQA1*03:03:01,DQB1*03:04:01,DQB1*05:01:01,DRB1*ID0,DRB1*04:08:01,,,DRB4*01:03:01,DRB4*01:03:01,DRB5*02:02:01,DRB5*02:21#1
SOTE94,DQA1*01:02:02,DQA1*02:01:01,DQB1*02:02:01,DQB1*05:02:01,DRB1*07:01:01,DRB1*16:01:01,,,DRB4*01:03:01,DRB4*01:03:01,DRB5*02:02:01,DRB5*02:02:01
SOTE96,DQA1*02:01:01,DQA1*03:01:01,DQB1*02:02:01,DQB1*03:02:01,DRB1*04:07:01,DRB1*07:01:01,,,DRB4*01:03:01,DRB4*01:03:01,DRB5*01:01:01,DRB5*01:01:01
