Allele,P_adj,Freq
DRB1*07:01:01,0.0023,0.1379
DQA1*02:01:01,0.0135,0.1379
DQB1*02:02:01,0.0338,0.0991
DRB5*01:01:01,0.0475,0.3389
DQB1*ID1,0.2292,0.1746
DQA1*01:03:01,0.2649,0.0884
DRB4*01:03:01,0.8111,0.8070
DQA1*01:02:01,1.0000,0.0970
DQA1*01:02:02,1.0000,0.0776
DQA1*05:01:01,1.0000,0.0884
DQA1*05:05:01,1.0000,0.1789
DQB1*02:01:01,1.0000,0.0884
DQB1*05:01:01,1.0000,0.1056
DQB1*05:02:01,1.0000,0.0819
DRB3*01:01:02,1.0000,0.3121
DRB3*02:02:01,1.0000,0.4841
DRB4*01:01:01,1.0000,0.1228
DRB5*02:02:01,1.0000,0.4111
