plate1_combined_readcount,csv,0
plate1_combined_readcount,csv,0
plate1_combined_readcount,csv,0
plate1_combined_readcount,csv,0
plate1_combined_readcount,csv,0
plate1_combined_readcount,csv,0
plate1_combined_readcount,csv,0
plate1_combined_readcount,csv,0
plate1_combined_readcount,csv,0
plate1_combined_readcount,csv,0
plate1_combined_readcount,csv,0
plate1_combined_readcount,csv,0
SOTE1-20191119SVH-97_S1_L001,HLA-A,110
SOTE1-20191119SVH-97_S1_L001,HLA-B,170
SOTE1-20191119SVH-97_S1_L001,HLA-C,139
SOTE1-20191119SVH-97_S1_L001,HLA-DPA1,182
SOTE1-20191119SVH-97_S1_L001,HLA-DPB1,145
SOTE1-20191119SVH-97_S1_L001,HLA-DQA1,32761
SOTE1-20191119SVH-97_S1_L001,HLA-DQB1,35806
SOTE1-20191119SVH-97_S1_L001,HLA-DRB1,44991
SOTE1-20191119SVH-97_S1_L001,HLA-DRB3,39
SOTE1-20191119SVH-97_S1_L001,HLA-DRB4,26000
SOTE1-20191119SVH-97_S1_L001,HLA-DRB5,21467
SOTE1-20191119SVH-97_S1_L001,unmatched,34922
SOTE133-20191119SVH-141_S45_L001,HLA-A,103
SOTE133-20191119SVH-141_S45_L001,HLA-B,173
SOTE133-20191119SVH-141_S45_L001,HLA-C,302
SOTE133-20191119SVH-141_S45_L001,HLA-DPA1,187
SOTE133-20191119SVH-141_S45_L001,HLA-DPB1,339
SOTE133-20191119SVH-141_S45_L001,HLA-DQA1,47945
SOTE133-20191119SVH-141_S45_L001,HLA-DQB1,42399
SOTE133-20191119SVH-141_S45_L001,HLA-DRB1,45394
SOTE133-20191119SVH-141_S45_L001,HLA-DRB3,10623
SOTE133-20191119SVH-141_S45_L001,HLA-DRB4,18778
SOTE133-20191119SVH-141_S45_L001,HLA-DRB5,61
SOTE133-20191119SVH-141_S45_L001,unmatched,53203
SOTE136-20191119SVH-142_S46_L001,HLA-A,100
SOTE136-20191119SVH-142_S46_L001,HLA-B,191
SOTE136-20191119SVH-142_S46_L001,HLA-C,180
SOTE136-20191119SVH-142_S46_L001,HLA-DPA1,227
SOTE136-20191119SVH-142_S46_L001,HLA-DPB1,161
SOTE136-20191119SVH-142_S46_L001,HLA-DQA1,36215
SOTE136-20191119SVH-142_S46_L001,HLA-DQB1,36795
SOTE136-20191119SVH-142_S46_L001,HLA-DRB1,45823
SOTE136-20191119SVH-142_S46_L001,HLA-DRB3,898
SOTE136-20191119SVH-142_S46_L001,HLA-DRB4,16586
SOTE136-20191119SVH-142_S46_L001,HLA-DRB5,13280
SOTE136-20191119SVH-142_S46_L001,unmatched,31348
SOTE14-20191119SVH-104_S8_L001,HLA-A,199
SOTE14-20191119SVH-104_S8_L001,HLA-B,202
SOTE14-20191119SVH-104_S8_L001,HLA-C,242
SOTE14-20191119SVH-104_S8_L001,HLA-DPA1,208
SOTE14-20191119SVH-104_S8_L001,HLA-DPB1,222
SOTE14-20191119SVH-104_S8_L001,HLA-DQA1,31691
SOTE14-20191119SVH-104_S8_L001,HLA-DQB1,54027
SOTE14-20191119SVH-104_S8_L001,HLA-DRB1,41772
SOTE14-20191119SVH-104_S8_L001,HLA-DRB3,17672
SOTE14-20191119SVH-104_S8_L001,HLA-DRB4,22552
SOTE14-20191119SVH-104_S8_L001,HLA-DRB5,41
SOTE14-20191119SVH-104_S8_L001,unmatched,37186
SOTE15-20191119SVH-105_S9_L001,HLA-A,316
SOTE15-20191119SVH-105_S9_L001,HLA-B,599
SOTE15-20191119SVH-105_S9_L001,HLA-C,401
SOTE15-20191119SVH-105_S9_L001,HLA-DPA1,17
SOTE15-20191119SVH-105_S9_L001,HLA-DPB1,224
SOTE15-20191119SVH-105_S9_L001,HLA-DQA1,25196
SOTE15-20191119SVH-105_S9_L001,HLA-DQB1,26792
SOTE15-20191119SVH-105_S9_L001,HLA-DRB1,26265
SOTE15-20191119SVH-105_S9_L001,HLA-DRB3,6099
SOTE15-20191119SVH-105_S9_L001,HLA-DRB4,176
SOTE15-20191119SVH-105_S9_L001,HLA-DRB5,15203
SOTE15-20191119SVH-105_S9_L001,unmatched,24912
SOTE16-20191119SVH-106_S10_L001,HLA-A,333
SOTE16-20191119SVH-106_S10_L001,HLA-B,504
SOTE16-20191119SVH-106_S10_L001,HLA-C,402
SOTE16-20191119SVH-106_S10_L001,HLA-DPA1,35
SOTE16-20191119SVH-106_S10_L001,HLA-DPB1,280
SOTE16-20191119SVH-106_S10_L001,HLA-DQA1,24585
SOTE16-20191119SVH-106_S10_L001,HLA-DQB1,44960
SOTE16-20191119SVH-106_S10_L001,HLA-DRB1,23458
SOTE16-20191119SVH-106_S10_L001,HLA-DRB3,10271
SOTE16-20191119SVH-106_S10_L001,HLA-DRB4,241
SOTE16-20191119SVH-106_S10_L001,HLA-DRB5,31
SOTE16-20191119SVH-106_S10_L001,unmatched,29119
SOTE162-20191119SVH-143_S47_L001,HLA-A,255
SOTE162-20191119SVH-143_S47_L001,HLA-B,387
SOTE162-20191119SVH-143_S47_L001,HLA-C,297
SOTE162-20191119SVH-143_S47_L001,HLA-DPA1,106
SOTE162-20191119SVH-143_S47_L001,HLA-DPB1,752
SOTE162-20191119SVH-143_S47_L001,HLA-DQA1,21399
SOTE162-20191119SVH-143_S47_L001,HLA-DQB1,38804
SOTE162-20191119SVH-143_S47_L001,HLA-DRB1,33682
SOTE162-20191119SVH-143_S47_L001,HLA-DRB3,9273
SOTE162-20191119SVH-143_S47_L001,HLA-DRB4,8316
SOTE162-20191119SVH-143_S47_L001,HLA-DRB5,22692
SOTE162-20191119SVH-143_S47_L001,unmatched,31512
SOTE185-20191119SVH-144_S48_L001,HLA-A,647
SOTE185-20191119SVH-144_S48_L001,HLA-B,861
SOTE185-20191119SVH-144_S48_L001,HLA-C,726
SOTE185-20191119SVH-144_S48_L001,HLA-DPA1,127
SOTE185-20191119SVH-144_S48_L001,HLA-DPB1,307
SOTE185-20191119SVH-144_S48_L001,HLA-DQA1,47648
SOTE185-20191119SVH-144_S48_L001,HLA-DQB1,52756
SOTE185-20191119SVH-144_S48_L001,HLA-DRB1,58742
SOTE185-20191119SVH-144_S48_L001,HLA-DRB3,9017
SOTE185-20191119SVH-144_S48_L001,HLA-DRB4,4754
SOTE185-20191119SVH-144_S48_L001,HLA-DRB5,13349
SOTE185-20191119SVH-144_S48_L001,unmatched,40427
SOTE189-20191119SVH-145_S49_L001,HLA-A,59
SOTE189-20191119SVH-145_S49_L001,HLA-B,152
SOTE189-20191119SVH-145_S49_L001,HLA-C,121
SOTE189-20191119SVH-145_S49_L001,HLA-DPA1,276
SOTE189-20191119SVH-145_S49_L001,HLA-DPB1,165
SOTE189-20191119SVH-145_S49_L001,HLA-DQA1,25882
SOTE189-20191119SVH-145_S49_L001,HLA-DQB1,29606
SOTE189-20191119SVH-145_S49_L001,HLA-DRB1,35490
SOTE189-20191119SVH-145_S49_L001,HLA-DRB3,44
SOTE189-20191119SVH-145_S49_L001,HLA-DRB4,12235
SOTE189-20191119SVH-145_S49_L001,HLA-DRB5,10880
SOTE189-20191119SVH-145_S49_L001,unmatched,20995
SOTE190-20191119SVH-146_S50_L001,HLA-A,665
SOTE190-20191119SVH-146_S50_L001,HLA-B,805
SOTE190-20191119SVH-146_S50_L001,HLA-C,631
SOTE190-20191119SVH-146_S50_L001,HLA-DPA1,73
SOTE190-20191119SVH-146_S50_L001,HLA-DPB1,372
SOTE190-20191119SVH-146_S50_L001,HLA-DQA1,42637
SOTE190-20191119SVH-146_S50_L001,HLA-DQB1,68660
SOTE190-20191119SVH-146_S50_L001,HLA-DRB1,39841
SOTE190-20191119SVH-146_S50_L001,HLA-DRB3,10122
SOTE190-20191119SVH-146_S50_L001,HLA-DRB4,3473
SOTE190-20191119SVH-146_S50_L001,HLA-DRB5,25512
SOTE190-20191119SVH-146_S50_L001,unmatched,45599
SOTE19-20191119SVH-107_S11_L001,HLA-A,125
SOTE19-20191119SVH-107_S11_L001,HLA-B,108
SOTE19-20191119SVH-107_S11_L001,HLA-C,108
SOTE19-20191119SVH-107_S11_L001,HLA-DPA1,125
SOTE19-20191119SVH-107_S11_L001,HLA-DPB1,202
SOTE19-20191119SVH-107_S11_L001,HLA-DQA1,19763
SOTE19-20191119SVH-107_S11_L001,HLA-DQB1,25010
SOTE19-20191119SVH-107_S11_L001,HLA-DRB1,20111
SOTE19-20191119SVH-107_S11_L001,HLA-DRB3,6180
SOTE19-20191119SVH-107_S11_L001,HLA-DRB4,9691
SOTE19-20191119SVH-107_S11_L001,HLA-DRB5,21
SOTE19-20191119SVH-107_S11_L001,unmatched,17463
SOTE192-20191119SVH-147_S51_L001,HLA-A,50
SOTE192-20191119SVH-147_S51_L001,HLA-B,69
SOTE192-20191119SVH-147_S51_L001,HLA-C,64
SOTE192-20191119SVH-147_S51_L001,HLA-DPA1,54
SOTE192-20191119SVH-147_S51_L001,HLA-DPB1,77
SOTE192-20191119SVH-147_S51_L001,HLA-DQA1,16386
SOTE192-20191119SVH-147_S51_L001,HLA-DQB1,28345
SOTE192-20191119SVH-147_S51_L001,HLA-DRB1,24207
SOTE192-20191119SVH-147_S51_L001,HLA-DRB3,6641
SOTE192-20191119SVH-147_S51_L001,HLA-DRB4,12242
SOTE192-20191119SVH-147_S51_L001,HLA-DRB5,9081
SOTE192-20191119SVH-147_S51_L001,unmatched,19721
SOTE198-20191119SVH-148_S52_L001,HLA-A,208
SOTE198-20191119SVH-148_S52_L001,HLA-B,282
SOTE198-20191119SVH-148_S52_L001,HLA-C,237
SOTE198-20191119SVH-148_S52_L001,HLA-DPA1,31
SOTE198-20191119SVH-148_S52_L001,HLA-DPB1,231
SOTE198-20191119SVH-148_S52_L001,HLA-DQA1,14088
SOTE198-20191119SVH-148_S52_L001,HLA-DQB1,16483
SOTE198-20191119SVH-148_S52_L001,HLA-DRB1,24382
SOTE198-20191119SVH-148_S52_L001,HLA-DRB3,22
SOTE198-20191119SVH-148_S52_L001,HLA-DRB4,482
SOTE198-20191119SVH-148_S52_L001,HLA-DRB5,9716
SOTE198-20191119SVH-148_S52_L001,unmatched,15039
SOTE206-20191119SVH-149_S53_L001,HLA-A,62
SOTE206-20191119SVH-149_S53_L001,HLA-B,105
SOTE206-20191119SVH-149_S53_L001,HLA-C,124
SOTE206-20191119SVH-149_S53_L001,HLA-DPA1,99
SOTE206-20191119SVH-149_S53_L001,HLA-DPB1,187
SOTE206-20191119SVH-149_S53_L001,HLA-DQA1,36019
SOTE206-20191119SVH-149_S53_L001,HLA-DQB1,39218
SOTE206-20191119SVH-149_S53_L001,HLA-DRB1,31764
SOTE206-20191119SVH-149_S53_L001,HLA-DRB3,9641
SOTE206-20191119SVH-149_S53_L001,HLA-DRB4,18607
SOTE206-20191119SVH-149_S53_L001,HLA-DRB5,20
SOTE206-20191119SVH-149_S53_L001,unmatched,28485
SOTE211-20191119SVH-150_S54_L001,HLA-A,97
SOTE211-20191119SVH-150_S54_L001,HLA-B,161
SOTE211-20191119SVH-150_S54_L001,HLA-C,186
SOTE211-20191119SVH-150_S54_L001,HLA-DPA1,132
SOTE211-20191119SVH-150_S54_L001,HLA-DPB1,121
SOTE211-20191119SVH-150_S54_L001,HLA-DQA1,42889
SOTE211-20191119SVH-150_S54_L001,HLA-DQB1,43983
SOTE211-20191119SVH-150_S54_L001,HLA-DRB1,37520
SOTE211-20191119SVH-150_S54_L001,HLA-DRB3,9973
SOTE211-20191119SVH-150_S54_L001,HLA-DRB4,19333
SOTE211-20191119SVH-150_S54_L001,HLA-DRB5,45
SOTE211-20191119SVH-150_S54_L001,unmatched,35404
SOTE217-20191119SVH-151_S55_L001,HLA-A,412
SOTE217-20191119SVH-151_S55_L001,HLA-B,599
SOTE217-20191119SVH-151_S55_L001,HLA-C,540
SOTE217-20191119SVH-151_S55_L001,HLA-DPA1,37
SOTE217-20191119SVH-151_S55_L001,HLA-DPB1,454
SOTE217-20191119SVH-151_S55_L001,HLA-DQA1,32614
SOTE217-20191119SVH-151_S55_L001,HLA-DQB1,33195
SOTE217-20191119SVH-151_S55_L001,HLA-DRB1,71755
SOTE217-20191119SVH-151_S55_L001,HLA-DRB3,138
SOTE217-20191119SVH-151_S55_L001,HLA-DRB4,4773
SOTE217-20191119SVH-151_S55_L001,HLA-DRB5,20435
SOTE217-20191119SVH-151_S55_L001,unmatched,29096
SOTE219-20191119SVH-152_S56_L001,HLA-A,653
SOTE219-20191119SVH-152_S56_L001,HLA-B,1050
SOTE219-20191119SVH-152_S56_L001,HLA-C,803
SOTE219-20191119SVH-152_S56_L001,HLA-DPA1,35
SOTE219-20191119SVH-152_S56_L001,HLA-DPB1,438
SOTE219-20191119SVH-152_S56_L001,HLA-DQA1,31536
SOTE219-20191119SVH-152_S56_L001,HLA-DQB1,56721
SOTE219-20191119SVH-152_S56_L001,HLA-DRB1,43133
SOTE219-20191119SVH-152_S56_L001,HLA-DRB3,6804
SOTE219-20191119SVH-152_S56_L001,HLA-DRB4,3108
SOTE219-20191119SVH-152_S56_L001,HLA-DRB5,17710
SOTE219-20191119SVH-152_S56_L001,unmatched,40694
SOTE2-20191119SVH-98_S2_L001,HLA-A,75
SOTE2-20191119SVH-98_S2_L001,HLA-B,82
SOTE2-20191119SVH-98_S2_L001,HLA-C,116
SOTE2-20191119SVH-98_S2_L001,HLA-DPA1,196
SOTE2-20191119SVH-98_S2_L001,HLA-DPB1,145
SOTE2-20191119SVH-98_S2_L001,HLA-DQA1,31107
SOTE2-20191119SVH-98_S2_L001,HLA-DQB1,32534
SOTE2-20191119SVH-98_S2_L001,HLA-DRB1,28101
SOTE2-20191119SVH-98_S2_L001,HLA-DRB3,9206
SOTE2-20191119SVH-98_S2_L001,HLA-DRB4,19520
SOTE2-20191119SVH-98_S2_L001,HLA-DRB5,8203
SOTE2-20191119SVH-98_S2_L001,unmatched,26320
SOTE220-20191119SVH-153_S57_L001,HLA-A,649
SOTE220-20191119SVH-153_S57_L001,HLA-B,836
SOTE220-20191119SVH-153_S57_L001,HLA-C,838
SOTE220-20191119SVH-153_S57_L001,HLA-DPA1,63
SOTE220-20191119SVH-153_S57_L001,HLA-DPB1,659
SOTE220-20191119SVH-153_S57_L001,HLA-DQA1,40867
SOTE220-20191119SVH-153_S57_L001,HLA-DQB1,42763
SOTE220-20191119SVH-153_S57_L001,HLA-DRB1,44845
SOTE220-20191119SVH-153_S57_L001,HLA-DRB3,10550
SOTE220-20191119SVH-153_S57_L001,HLA-DRB4,582
SOTE220-20191119SVH-153_S57_L001,HLA-DRB5,24972
SOTE220-20191119SVH-153_S57_L001,unmatched,39346
SOTE22-20191119SVH-108_S12_L001,HLA-A,98
SOTE22-20191119SVH-108_S12_L001,HLA-B,122
SOTE22-20191119SVH-108_S12_L001,HLA-C,129
SOTE22-20191119SVH-108_S12_L001,HLA-DPA1,71
SOTE22-20191119SVH-108_S12_L001,HLA-DPB1,88
SOTE22-20191119SVH-108_S12_L001,HLA-DQA1,20486
SOTE22-20191119SVH-108_S12_L001,HLA-DQB1,37161
SOTE22-20191119SVH-108_S12_L001,HLA-DRB1,28824
SOTE22-20191119SVH-108_S12_L001,HLA-DRB3,16
SOTE22-20191119SVH-108_S12_L001,HLA-DRB4,15680
SOTE22-20191119SVH-108_S12_L001,HLA-DRB5,12676
SOTE22-20191119SVH-108_S12_L001,unmatched,24167
SOTE222-20191119SVH-154_S58_L001,HLA-A,612
SOTE222-20191119SVH-154_S58_L001,HLA-B,1044
SOTE222-20191119SVH-154_S58_L001,HLA-C,771
SOTE222-20191119SVH-154_S58_L001,HLA-DPA1,108
SOTE222-20191119SVH-154_S58_L001,HLA-DPB1,478
SOTE222-20191119SVH-154_S58_L001,HLA-DQA1,50882
SOTE222-20191119SVH-154_S58_L001,HLA-DQB1,54591
SOTE222-20191119SVH-154_S58_L001,HLA-DRB1,50260
SOTE222-20191119SVH-154_S58_L001,HLA-DRB3,21511
SOTE222-20191119SVH-154_S58_L001,HLA-DRB4,2184
SOTE222-20191119SVH-154_S58_L001,HLA-DRB5,101
SOTE222-20191119SVH-154_S58_L001,unmatched,47684
SOTE228-20191119SVH-155_S59_L001,HLA-A,120
SOTE228-20191119SVH-155_S59_L001,HLA-B,212
SOTE228-20191119SVH-155_S59_L001,HLA-C,158
SOTE228-20191119SVH-155_S59_L001,HLA-DPA1,191
SOTE228-20191119SVH-155_S59_L001,HLA-DPB1,134
SOTE228-20191119SVH-155_S59_L001,HLA-DQA1,32972
SOTE228-20191119SVH-155_S59_L001,HLA-DQB1,34517
SOTE228-20191119SVH-155_S59_L001,HLA-DRB1,28979
SOTE228-20191119SVH-155_S59_L001,HLA-DRB3,10196
SOTE228-20191119SVH-155_S59_L001,HLA-DRB4,21721
SOTE228-20191119SVH-155_S59_L001,HLA-DRB5,2067
SOTE228-20191119SVH-155_S59_L001,unmatched,25433
SOTE229-20191119SVH-156_S60_L001,HLA-A,135
SOTE229-20191119SVH-156_S60_L001,HLA-B,218
SOTE229-20191119SVH-156_S60_L001,HLA-C,248
SOTE229-20191119SVH-156_S60_L001,HLA-DPA1,313
SOTE229-20191119SVH-156_S60_L001,HLA-DPB1,214
SOTE229-20191119SVH-156_S60_L001,HLA-DQA1,31850
SOTE229-20191119SVH-156_S60_L001,HLA-DQB1,47351
SOTE229-20191119SVH-156_S60_L001,HLA-DRB1,54751
SOTE229-20191119SVH-156_S60_L001,HLA-DRB3,92
SOTE229-20191119SVH-156_S60_L001,HLA-DRB4,24023
SOTE229-20191119SVH-156_S60_L001,HLA-DRB5,53
SOTE229-20191119SVH-156_S60_L001,unmatched,29205
SOTE23-20191119SVH-109_S13_L001,HLA-A,55
SOTE23-20191119SVH-109_S13_L001,HLA-B,54
SOTE23-20191119SVH-109_S13_L001,HLA-C,71
SOTE23-20191119SVH-109_S13_L001,HLA-DPA1,81
SOTE23-20191119SVH-109_S13_L001,HLA-DPB1,88
SOTE23-20191119SVH-109_S13_L001,HLA-DQA1,9186
SOTE23-20191119SVH-109_S13_L001,HLA-DQB1,15320
SOTE23-20191119SVH-109_S13_L001,HLA-DRB1,10688
SOTE23-20191119SVH-109_S13_L001,HLA-DRB3,13
SOTE23-20191119SVH-109_S13_L001,HLA-DRB4,5843
SOTE23-20191119SVH-109_S13_L001,HLA-DRB5,24
SOTE23-20191119SVH-109_S13_L001,unmatched,8282
SOTE244-20191119SVH-157_S61_L001,HLA-A,255
SOTE244-20191119SVH-157_S61_L001,HLA-B,419
SOTE244-20191119SVH-157_S61_L001,HLA-C,240
SOTE244-20191119SVH-157_S61_L001,HLA-DPA1,41
SOTE244-20191119SVH-157_S61_L001,HLA-DPB1,131
SOTE244-20191119SVH-157_S61_L001,HLA-DQA1,24024
SOTE244-20191119SVH-157_S61_L001,HLA-DQB1,23159
SOTE244-20191119SVH-157_S61_L001,HLA-DRB1,27432
SOTE244-20191119SVH-157_S61_L001,HLA-DRB3,7455
SOTE244-20191119SVH-157_S61_L001,HLA-DRB4,133
SOTE244-20191119SVH-157_S61_L001,HLA-DRB5,9384
SOTE244-20191119SVH-157_S61_L001,unmatched,21674
SOTE25-20191119SVH-110_S14_L001,HLA-A,460
SOTE25-20191119SVH-110_S14_L001,HLA-B,559
SOTE25-20191119SVH-110_S14_L001,HLA-C,499
SOTE25-20191119SVH-110_S14_L001,HLA-DPA1,44
SOTE25-20191119SVH-110_S14_L001,HLA-DPB1,291
SOTE25-20191119SVH-110_S14_L001,HLA-DQA1,25245
SOTE25-20191119SVH-110_S14_L001,HLA-DQB1,31369
SOTE25-20191119SVH-110_S14_L001,HLA-DRB1,26700
SOTE25-20191119SVH-110_S14_L001,HLA-DRB3,11100
SOTE25-20191119SVH-110_S14_L001,HLA-DRB4,213
SOTE25-20191119SVH-110_S14_L001,HLA-DRB5,29
SOTE25-20191119SVH-110_S14_L001,unmatched,30008
SOTE256-20191119SVH-158_S62_L001,HLA-A,59
SOTE256-20191119SVH-158_S62_L001,HLA-B,106
SOTE256-20191119SVH-158_S62_L001,HLA-C,111
SOTE256-20191119SVH-158_S62_L001,HLA-DPA1,275
SOTE256-20191119SVH-158_S62_L001,HLA-DPB1,122
SOTE256-20191119SVH-158_S62_L001,HLA-DQA1,39179
SOTE256-20191119SVH-158_S62_L001,HLA-DQB1,38374
SOTE256-20191119SVH-158_S62_L001,HLA-DRB1,35739
SOTE256-20191119SVH-158_S62_L001,HLA-DRB3,11280
SOTE256-20191119SVH-158_S62_L001,HLA-DRB4,18317
SOTE256-20191119SVH-158_S62_L001,HLA-DRB5,8379
SOTE256-20191119SVH-158_S62_L001,unmatched,32486
SOTE257-20191119SVH-159_S63_L001,HLA-A,77
SOTE257-20191119SVH-159_S63_L001,HLA-B,110
SOTE257-20191119SVH-159_S63_L001,HLA-C,133
SOTE257-20191119SVH-159_S63_L001,HLA-DPA1,188
SOTE257-20191119SVH-159_S63_L001,HLA-DPB1,88
SOTE257-20191119SVH-159_S63_L001,HLA-DQA1,32864
SOTE257-20191119SVH-159_S63_L001,HLA-DQB1,50870
SOTE257-20191119SVH-159_S63_L001,HLA-DRB1,40519
SOTE257-20191119SVH-159_S63_L001,HLA-DRB3,49
SOTE257-20191119SVH-159_S63_L001,HLA-DRB4,25985
SOTE257-20191119SVH-159_S63_L001,HLA-DRB5,18994
SOTE257-20191119SVH-159_S63_L001,unmatched,29326
SOTE260-20191119SVH-160_S64_L001,HLA-A,97
SOTE260-20191119SVH-160_S64_L001,HLA-B,162
SOTE260-20191119SVH-160_S64_L001,HLA-C,167
SOTE260-20191119SVH-160_S64_L001,HLA-DPA1,382
SOTE260-20191119SVH-160_S64_L001,HLA-DPB1,191
SOTE260-20191119SVH-160_S64_L001,HLA-DQA1,37427
SOTE260-20191119SVH-160_S64_L001,HLA-DQB1,33137
SOTE260-20191119SVH-160_S64_L001,HLA-DRB1,62065
SOTE260-20191119SVH-160_S64_L001,HLA-DRB3,177
SOTE260-20191119SVH-160_S64_L001,HLA-DRB4,32511
SOTE260-20191119SVH-160_S64_L001,HLA-DRB5,13356
SOTE260-20191119SVH-160_S64_L001,unmatched,32139
SOTE26-20191119SVH-111_S15_L001,HLA-A,365
SOTE26-20191119SVH-111_S15_L001,HLA-B,466
SOTE26-20191119SVH-111_S15_L001,HLA-C,396
SOTE26-20191119SVH-111_S15_L001,HLA-DPA1,60
SOTE26-20191119SVH-111_S15_L001,HLA-DPB1,236
SOTE26-20191119SVH-111_S15_L001,HLA-DQA1,17008
SOTE26-20191119SVH-111_S15_L001,HLA-DQB1,21238
SOTE26-20191119SVH-111_S15_L001,HLA-DRB1,20040
SOTE26-20191119SVH-111_S15_L001,HLA-DRB3,4585
SOTE26-20191119SVH-111_S15_L001,HLA-DRB4,120
SOTE26-20191119SVH-111_S15_L001,HLA-DRB5,11342
SOTE26-20191119SVH-111_S15_L001,unmatched,19755
SOTE262-20191119SVH-161_S65_L001,HLA-A,95
SOTE262-20191119SVH-161_S65_L001,HLA-B,186
SOTE262-20191119SVH-161_S65_L001,HLA-C,185
SOTE262-20191119SVH-161_S65_L001,HLA-DPA1,233
SOTE262-20191119SVH-161_S65_L001,HLA-DPB1,175
SOTE262-20191119SVH-161_S65_L001,HLA-DQA1,28531
SOTE262-20191119SVH-161_S65_L001,HLA-DQB1,49718
SOTE262-20191119SVH-161_S65_L001,HLA-DRB1,37969
SOTE262-20191119SVH-161_S65_L001,HLA-DRB3,29
SOTE262-20191119SVH-161_S65_L001,HLA-DRB4,22633
SOTE262-20191119SVH-161_S65_L001,HLA-DRB5,34
SOTE262-20191119SVH-161_S65_L001,unmatched,22045
SOTE263-20191119SVH-162_S66_L001,HLA-A,450
SOTE263-20191119SVH-162_S66_L001,HLA-B,770
SOTE263-20191119SVH-162_S66_L001,HLA-C,590
SOTE263-20191119SVH-162_S66_L001,HLA-DPA1,56
SOTE263-20191119SVH-162_S66_L001,HLA-DPB1,315
SOTE263-20191119SVH-162_S66_L001,HLA-DQA1,37371
SOTE263-20191119SVH-162_S66_L001,HLA-DQB1,41659
SOTE263-20191119SVH-162_S66_L001,HLA-DRB1,45268
SOTE263-20191119SVH-162_S66_L001,HLA-DRB3,7471
SOTE263-20191119SVH-162_S66_L001,HLA-DRB4,388
SOTE263-20191119SVH-162_S66_L001,HLA-DRB5,63
SOTE263-20191119SVH-162_S66_L001,unmatched,29943
SOTE270-20191119SVH-163_S67_L001,HLA-A,652
SOTE270-20191119SVH-163_S67_L001,HLA-B,1044
SOTE270-20191119SVH-163_S67_L001,HLA-C,844
SOTE270-20191119SVH-163_S67_L001,HLA-DPA1,88
SOTE270-20191119SVH-163_S67_L001,HLA-DPB1,391
SOTE270-20191119SVH-163_S67_L001,HLA-DQA1,38242
SOTE270-20191119SVH-163_S67_L001,HLA-DQB1,43991
SOTE270-20191119SVH-163_S67_L001,HLA-DRB1,37649
SOTE270-20191119SVH-163_S67_L001,HLA-DRB3,17417
SOTE270-20191119SVH-163_S67_L001,HLA-DRB4,305
SOTE270-20191119SVH-163_S67_L001,HLA-DRB5,57
SOTE270-20191119SVH-163_S67_L001,unmatched,35896
SOTE275-20191119SVH-164_S68_L001,HLA-A,462
SOTE275-20191119SVH-164_S68_L001,HLA-B,706
SOTE275-20191119SVH-164_S68_L001,HLA-C,445
SOTE275-20191119SVH-164_S68_L001,HLA-DPA1,59
SOTE275-20191119SVH-164_S68_L001,HLA-DPB1,291
SOTE275-20191119SVH-164_S68_L001,HLA-DQA1,23272
SOTE275-20191119SVH-164_S68_L001,HLA-DQB1,42401
SOTE275-20191119SVH-164_S68_L001,HLA-DRB1,24981
SOTE275-20191119SVH-164_S68_L001,HLA-DRB3,10029
SOTE275-20191119SVH-164_S68_L001,HLA-DRB4,250
SOTE275-20191119SVH-164_S68_L001,HLA-DRB5,29
SOTE275-20191119SVH-164_S68_L001,unmatched,27840
SOTE276-20191119SVH-165_S69_L001,HLA-A,249
SOTE276-20191119SVH-165_S69_L001,HLA-B,424
SOTE276-20191119SVH-165_S69_L001,HLA-C,292
SOTE276-20191119SVH-165_S69_L001,HLA-DPA1,37
SOTE276-20191119SVH-165_S69_L001,HLA-DPB1,125
SOTE276-20191119SVH-165_S69_L001,HLA-DQA1,28107
SOTE276-20191119SVH-165_S69_L001,HLA-DQB1,30411
SOTE276-20191119SVH-165_S69_L001,HLA-DRB1,28160
SOTE276-20191119SVH-165_S69_L001,HLA-DRB3,7777
SOTE276-20191119SVH-165_S69_L001,HLA-DRB4,115
SOTE276-20191119SVH-165_S69_L001,HLA-DRB5,10661
SOTE276-20191119SVH-165_S69_L001,unmatched,27231
SOTE277-20191119SVH-166_S70_L001,HLA-A,448
SOTE277-20191119SVH-166_S70_L001,HLA-B,646
SOTE277-20191119SVH-166_S70_L001,HLA-C,404
SOTE277-20191119SVH-166_S70_L001,HLA-DPA1,53
SOTE277-20191119SVH-166_S70_L001,HLA-DPB1,285
SOTE277-20191119SVH-166_S70_L001,HLA-DQA1,28649
SOTE277-20191119SVH-166_S70_L001,HLA-DQB1,45968
SOTE277-20191119SVH-166_S70_L001,HLA-DRB1,39547
SOTE277-20191119SVH-166_S70_L001,HLA-DRB3,20691
SOTE277-20191119SVH-166_S70_L001,HLA-DRB4,3104
SOTE277-20191119SVH-166_S70_L001,HLA-DRB5,141
SOTE277-20191119SVH-166_S70_L001,unmatched,35366
SOTE281-20191119SVH-167_S71_L001,HLA-A,920
SOTE281-20191119SVH-167_S71_L001,HLA-B,1175
SOTE281-20191119SVH-167_S71_L001,HLA-C,1067
SOTE281-20191119SVH-167_S71_L001,HLA-DPA1,148
SOTE281-20191119SVH-167_S71_L001,HLA-DPB1,519
SOTE281-20191119SVH-167_S71_L001,HLA-DQA1,47590
SOTE281-20191119SVH-167_S71_L001,HLA-DQB1,47556
SOTE281-20191119SVH-167_S71_L001,HLA-DRB1,60987
SOTE281-20191119SVH-167_S71_L001,HLA-DRB3,9631
SOTE281-20191119SVH-167_S71_L001,HLA-DRB4,572
SOTE281-20191119SVH-167_S71_L001,HLA-DRB5,77
SOTE281-20191119SVH-167_S71_L001,unmatched,41732
SOTE28-20191119SVH-112_S16_L001,HLA-A,266
SOTE28-20191119SVH-112_S16_L001,HLA-B,347
SOTE28-20191119SVH-112_S16_L001,HLA-C,302
SOTE28-20191119SVH-112_S16_L001,HLA-DPA1,31
SOTE28-20191119SVH-112_S16_L001,HLA-DPB1,210
SOTE28-20191119SVH-112_S16_L001,HLA-DQA1,22576
SOTE28-20191119SVH-112_S16_L001,HLA-DQB1,24830
SOTE28-20191119SVH-112_S16_L001,HLA-DRB1,26190
SOTE28-20191119SVH-112_S16_L001,HLA-DRB3,4162
SOTE28-20191119SVH-112_S16_L001,HLA-DRB4,233
SOTE28-20191119SVH-112_S16_L001,HLA-DRB5,1935
SOTE28-20191119SVH-112_S16_L001,unmatched,18410
SOTE282-20191119SVH-168_S72_L001,HLA-A,405
SOTE282-20191119SVH-168_S72_L001,HLA-B,659
SOTE282-20191119SVH-168_S72_L001,HLA-C,521
SOTE282-20191119SVH-168_S72_L001,HLA-DPA1,57
SOTE282-20191119SVH-168_S72_L001,HLA-DPB1,286
SOTE282-20191119SVH-168_S72_L001,HLA-DQA1,41729
SOTE282-20191119SVH-168_S72_L001,HLA-DQB1,41005
SOTE282-20191119SVH-168_S72_L001,HLA-DRB1,61952
SOTE282-20191119SVH-168_S72_L001,HLA-DRB3,18527
SOTE282-20191119SVH-168_S72_L001,HLA-DRB4,1814
SOTE282-20191119SVH-168_S72_L001,HLA-DRB5,25654
SOTE282-20191119SVH-168_S72_L001,unmatched,47160
SOTE283-20191119SVH-169_S73_L001,HLA-A,97
SOTE283-20191119SVH-169_S73_L001,HLA-B,109
SOTE283-20191119SVH-169_S73_L001,HLA-C,131
SOTE283-20191119SVH-169_S73_L001,HLA-DPA1,142
SOTE283-20191119SVH-169_S73_L001,HLA-DPB1,158
SOTE283-20191119SVH-169_S73_L001,HLA-DQA1,23724
SOTE283-20191119SVH-169_S73_L001,HLA-DQB1,25670
SOTE283-20191119SVH-169_S73_L001,HLA-DRB1,23249
SOTE283-20191119SVH-169_S73_L001,HLA-DRB3,7306
SOTE283-20191119SVH-169_S73_L001,HLA-DRB4,17947
SOTE283-20191119SVH-169_S73_L001,HLA-DRB5,15344
SOTE283-20191119SVH-169_S73_L001,unmatched,29604
SOTE284-20191119SVH-170_S74_L001,HLA-A,42
SOTE284-20191119SVH-170_S74_L001,HLA-B,62
SOTE284-20191119SVH-170_S74_L001,HLA-C,74
SOTE284-20191119SVH-170_S74_L001,HLA-DPA1,169
SOTE284-20191119SVH-170_S74_L001,HLA-DPB1,88
SOTE284-20191119SVH-170_S74_L001,HLA-DQA1,27057
SOTE284-20191119SVH-170_S74_L001,HLA-DQB1,27804
SOTE284-20191119SVH-170_S74_L001,HLA-DRB1,31737
SOTE284-20191119SVH-170_S74_L001,HLA-DRB3,25
SOTE284-20191119SVH-170_S74_L001,HLA-DRB4,15591
SOTE284-20191119SVH-170_S74_L001,HLA-DRB5,17076
SOTE284-20191119SVH-170_S74_L001,unmatched,20228
SOTE285-20191119SVH-171_S75_L001,HLA-A,21
SOTE285-20191119SVH-171_S75_L001,HLA-B,53
SOTE285-20191119SVH-171_S75_L001,HLA-C,53
SOTE285-20191119SVH-171_S75_L001,HLA-DPA1,41
SOTE285-20191119SVH-171_S75_L001,HLA-DPB1,76
SOTE285-20191119SVH-171_S75_L001,HLA-DQA1,23806
SOTE285-20191119SVH-171_S75_L001,HLA-DQB1,23466
SOTE285-20191119SVH-171_S75_L001,HLA-DRB1,20007
SOTE285-20191119SVH-171_S75_L001,HLA-DRB3,5758
SOTE285-20191119SVH-171_S75_L001,HLA-DRB4,13623
SOTE285-20191119SVH-171_S75_L001,HLA-DRB5,15
SOTE285-20191119SVH-171_S75_L001,unmatched,17889
SOTE286-20191119SVH-172_S76_L001,HLA-A,393
SOTE286-20191119SVH-172_S76_L001,HLA-B,611
SOTE286-20191119SVH-172_S76_L001,HLA-C,520
SOTE286-20191119SVH-172_S76_L001,HLA-DPA1,46
SOTE286-20191119SVH-172_S76_L001,HLA-DPB1,258
SOTE286-20191119SVH-172_S76_L001,HLA-DQA1,28808
SOTE286-20191119SVH-172_S76_L001,HLA-DQB1,29826
SOTE286-20191119SVH-172_S76_L001,HLA-DRB1,27252
SOTE286-20191119SVH-172_S76_L001,HLA-DRB3,12804
SOTE286-20191119SVH-172_S76_L001,HLA-DRB4,143
SOTE286-20191119SVH-172_S76_L001,HLA-DRB5,22
SOTE286-20191119SVH-172_S76_L001,unmatched,25305
SOTE287-20191119SVH-173_S77_L001,HLA-A,211
SOTE287-20191119SVH-173_S77_L001,HLA-B,341
SOTE287-20191119SVH-173_S77_L001,HLA-C,314
SOTE287-20191119SVH-173_S77_L001,HLA-DPA1,33
SOTE287-20191119SVH-173_S77_L001,HLA-DPB1,161
SOTE287-20191119SVH-173_S77_L001,HLA-DQA1,32436
SOTE287-20191119SVH-173_S77_L001,HLA-DQB1,35522
SOTE287-20191119SVH-173_S77_L001,HLA-DRB1,28075
SOTE287-20191119SVH-173_S77_L001,HLA-DRB3,7758
SOTE287-20191119SVH-173_S77_L001,HLA-DRB4,12686
SOTE287-20191119SVH-173_S77_L001,HLA-DRB5,19050
SOTE287-20191119SVH-173_S77_L001,unmatched,29018
SOTE288-20191119SVH-174_S78_L001,HLA-A,127
SOTE288-20191119SVH-174_S78_L001,HLA-B,167
SOTE288-20191119SVH-174_S78_L001,HLA-C,143
SOTE288-20191119SVH-174_S78_L001,HLA-DPA1,26
SOTE288-20191119SVH-174_S78_L001,HLA-DPB1,108
SOTE288-20191119SVH-174_S78_L001,HLA-DQA1,27985
SOTE288-20191119SVH-174_S78_L001,HLA-DQB1,46875
SOTE288-20191119SVH-174_S78_L001,HLA-DRB1,20914
SOTE288-20191119SVH-174_S78_L001,HLA-DRB3,10945
SOTE288-20191119SVH-174_S78_L001,HLA-DRB4,13311
SOTE288-20191119SVH-174_S78_L001,HLA-DRB5,12128
SOTE288-20191119SVH-174_S78_L001,unmatched,30331
SOTE289-20191119SVH-175_S79_L001,HLA-A,52
SOTE289-20191119SVH-175_S79_L001,HLA-B,114
SOTE289-20191119SVH-175_S79_L001,HLA-C,112
SOTE289-20191119SVH-175_S79_L001,HLA-DPA1,68
SOTE289-20191119SVH-175_S79_L001,HLA-DPB1,101
SOTE289-20191119SVH-175_S79_L001,HLA-DQA1,31456
SOTE289-20191119SVH-175_S79_L001,HLA-DQB1,31512
SOTE289-20191119SVH-175_S79_L001,HLA-DRB1,26339
SOTE289-20191119SVH-175_S79_L001,HLA-DRB3,7837
SOTE289-20191119SVH-175_S79_L001,HLA-DRB4,18778
SOTE289-20191119SVH-175_S79_L001,HLA-DRB5,15884
SOTE289-20191119SVH-175_S79_L001,unmatched,26892
SOTE291-20191119SVH-176_S80_L001,HLA-A,89
SOTE291-20191119SVH-176_S80_L001,HLA-B,152
SOTE291-20191119SVH-176_S80_L001,HLA-C,161
SOTE291-20191119SVH-176_S80_L001,HLA-DPA1,112
SOTE291-20191119SVH-176_S80_L001,HLA-DPB1,214
SOTE291-20191119SVH-176_S80_L001,HLA-DQA1,31109
SOTE291-20191119SVH-176_S80_L001,HLA-DQB1,32717
SOTE291-20191119SVH-176_S80_L001,HLA-DRB1,38222
SOTE291-20191119SVH-176_S80_L001,HLA-DRB3,151
SOTE291-20191119SVH-176_S80_L001,HLA-DRB4,23803
SOTE291-20191119SVH-176_S80_L001,HLA-DRB5,69
SOTE291-20191119SVH-176_S80_L001,unmatched,20832
SOTE292-20191119SVH-177_S81_L001,HLA-A,234
SOTE292-20191119SVH-177_S81_L001,HLA-B,351
SOTE292-20191119SVH-177_S81_L001,HLA-C,318
SOTE292-20191119SVH-177_S81_L001,HLA-DPA1,82
SOTE292-20191119SVH-177_S81_L001,HLA-DPB1,298
SOTE292-20191119SVH-177_S81_L001,HLA-DQA1,34151
SOTE292-20191119SVH-177_S81_L001,HLA-DQB1,40042
SOTE292-20191119SVH-177_S81_L001,HLA-DRB1,33438
SOTE292-20191119SVH-177_S81_L001,HLA-DRB3,9831
SOTE292-20191119SVH-177_S81_L001,HLA-DRB4,22262
SOTE292-20191119SVH-177_S81_L001,HLA-DRB5,12010
SOTE292-20191119SVH-177_S81_L001,unmatched,29715
SOTE295-20191119SVH-178_S82_L001,HLA-A,547
SOTE295-20191119SVH-178_S82_L001,HLA-B,644
SOTE295-20191119SVH-178_S82_L001,HLA-C,530
SOTE295-20191119SVH-178_S82_L001,HLA-DPA1,51
SOTE295-20191119SVH-178_S82_L001,HLA-DPB1,259
SOTE295-20191119SVH-178_S82_L001,HLA-DQA1,35383
SOTE295-20191119SVH-178_S82_L001,HLA-DQB1,45265
SOTE295-20191119SVH-178_S82_L001,HLA-DRB1,50908
SOTE295-20191119SVH-178_S82_L001,HLA-DRB3,750
SOTE295-20191119SVH-178_S82_L001,HLA-DRB4,221
SOTE295-20191119SVH-178_S82_L001,HLA-DRB5,18942
SOTE295-20191119SVH-178_S82_L001,unmatched,27432
SOTE296-20191119SVH-179_S83_L001,HLA-A,100
SOTE296-20191119SVH-179_S83_L001,HLA-B,154
SOTE296-20191119SVH-179_S83_L001,HLA-C,149
SOTE296-20191119SVH-179_S83_L001,HLA-DPA1,104
SOTE296-20191119SVH-179_S83_L001,HLA-DPB1,148
SOTE296-20191119SVH-179_S83_L001,HLA-DQA1,44696
SOTE296-20191119SVH-179_S83_L001,HLA-DQB1,45394
SOTE296-20191119SVH-179_S83_L001,HLA-DRB1,55145
SOTE296-20191119SVH-179_S83_L001,HLA-DRB3,49
SOTE296-20191119SVH-179_S83_L001,HLA-DRB4,24295
SOTE296-20191119SVH-179_S83_L001,HLA-DRB5,55
SOTE296-20191119SVH-179_S83_L001,unmatched,30913
SOTE297-20191119SVH-180_S84_L001,HLA-A,540
SOTE297-20191119SVH-180_S84_L001,HLA-B,653
SOTE297-20191119SVH-180_S84_L001,HLA-C,489
SOTE297-20191119SVH-180_S84_L001,HLA-DPA1,49
SOTE297-20191119SVH-180_S84_L001,HLA-DPB1,333
SOTE297-20191119SVH-180_S84_L001,HLA-DQA1,43547
SOTE297-20191119SVH-180_S84_L001,HLA-DQB1,45728
SOTE297-20191119SVH-180_S84_L001,HLA-DRB1,41383
SOTE297-20191119SVH-180_S84_L001,HLA-DRB3,21508
SOTE297-20191119SVH-180_S84_L001,HLA-DRB4,264
SOTE297-20191119SVH-180_S84_L001,HLA-DRB5,41
SOTE297-20191119SVH-180_S84_L001,unmatched,36291
SOTE299-20191119SVH-181_S85_L001,HLA-A,70
SOTE299-20191119SVH-181_S85_L001,HLA-B,149
SOTE299-20191119SVH-181_S85_L001,HLA-C,130
SOTE299-20191119SVH-181_S85_L001,HLA-DPA1,39
SOTE299-20191119SVH-181_S85_L001,HLA-DPB1,143
SOTE299-20191119SVH-181_S85_L001,HLA-DQA1,21939
SOTE299-20191119SVH-181_S85_L001,HLA-DQB1,37515
SOTE299-20191119SVH-181_S85_L001,HLA-DRB1,18815
SOTE299-20191119SVH-181_S85_L001,HLA-DRB3,5239
SOTE299-20191119SVH-181_S85_L001,HLA-DRB4,15544
SOTE299-20191119SVH-181_S85_L001,HLA-DRB5,16
SOTE299-20191119SVH-181_S85_L001,unmatched,19567
SOTE30-20191119SVH-113_S17_L001,HLA-A,33
SOTE30-20191119SVH-113_S17_L001,HLA-B,74
SOTE30-20191119SVH-113_S17_L001,HLA-C,68
SOTE30-20191119SVH-113_S17_L001,HLA-DPA1,86
SOTE30-20191119SVH-113_S17_L001,HLA-DPB1,65
SOTE30-20191119SVH-113_S17_L001,HLA-DQA1,17730
SOTE30-20191119SVH-113_S17_L001,HLA-DQB1,18052
SOTE30-20191119SVH-113_S17_L001,HLA-DRB1,14772
SOTE30-20191119SVH-113_S17_L001,HLA-DRB3,4649
SOTE30-20191119SVH-113_S17_L001,HLA-DRB4,8882
SOTE30-20191119SVH-113_S17_L001,HLA-DRB5,20
SOTE30-20191119SVH-113_S17_L001,unmatched,14634
SOTE304-20191119SVH-182_S86_L001,HLA-A,51
SOTE304-20191119SVH-182_S86_L001,HLA-B,85
SOTE304-20191119SVH-182_S86_L001,HLA-C,150
SOTE304-20191119SVH-182_S86_L001,HLA-DPA1,366
SOTE304-20191119SVH-182_S86_L001,HLA-DPB1,185
SOTE304-20191119SVH-182_S86_L001,HLA-DQA1,35863
SOTE304-20191119SVH-182_S86_L001,HLA-DQB1,36117
SOTE304-20191119SVH-182_S86_L001,HLA-DRB1,36772
SOTE304-20191119SVH-182_S86_L001,HLA-DRB3,48
SOTE304-20191119SVH-182_S86_L001,HLA-DRB4,27034
SOTE304-20191119SVH-182_S86_L001,HLA-DRB5,65
SOTE304-20191119SVH-182_S86_L001,unmatched,22758
SOTE306-20191119SVH-183_S87_L001,HLA-A,54
SOTE306-20191119SVH-183_S87_L001,HLA-B,66
SOTE306-20191119SVH-183_S87_L001,HLA-C,89
SOTE306-20191119SVH-183_S87_L001,HLA-DPA1,188
SOTE306-20191119SVH-183_S87_L001,HLA-DPB1,191
SOTE306-20191119SVH-183_S87_L001,HLA-DQA1,29278
SOTE306-20191119SVH-183_S87_L001,HLA-DQB1,30450
SOTE306-20191119SVH-183_S87_L001,HLA-DRB1,24728
SOTE306-20191119SVH-183_S87_L001,HLA-DRB3,8418
SOTE306-20191119SVH-183_S87_L001,HLA-DRB4,16223
SOTE306-20191119SVH-183_S87_L001,HLA-DRB5,29
SOTE306-20191119SVH-183_S87_L001,unmatched,23907
SOTE307-20191119SVH-184_S88_L001,HLA-A,796
SOTE307-20191119SVH-184_S88_L001,HLA-B,929
SOTE307-20191119SVH-184_S88_L001,HLA-C,768
SOTE307-20191119SVH-184_S88_L001,HLA-DPA1,77
SOTE307-20191119SVH-184_S88_L001,HLA-DPB1,466
SOTE307-20191119SVH-184_S88_L001,HLA-DQA1,38429
SOTE307-20191119SVH-184_S88_L001,HLA-DQB1,45382
SOTE307-20191119SVH-184_S88_L001,HLA-DRB1,43250
SOTE307-20191119SVH-184_S88_L001,HLA-DRB3,12846
SOTE307-20191119SVH-184_S88_L001,HLA-DRB4,357
SOTE307-20191119SVH-184_S88_L001,HLA-DRB5,26018
SOTE307-20191119SVH-184_S88_L001,unmatched,41445
SOTE310-20191119SVH-185_S89_L001,HLA-A,167
SOTE310-20191119SVH-185_S89_L001,HLA-B,263
SOTE310-20191119SVH-185_S89_L001,HLA-C,197
SOTE310-20191119SVH-185_S89_L001,HLA-DPA1,26
SOTE310-20191119SVH-185_S89_L001,HLA-DPB1,161
SOTE310-20191119SVH-185_S89_L001,HLA-DQA1,15411
SOTE310-20191119SVH-185_S89_L001,HLA-DQB1,26337
SOTE310-20191119SVH-185_S89_L001,HLA-DRB1,18963
SOTE310-20191119SVH-185_S89_L001,HLA-DRB3,3044
SOTE310-20191119SVH-185_S89_L001,HLA-DRB4,227
SOTE310-20191119SVH-185_S89_L001,HLA-DRB5,25
SOTE310-20191119SVH-185_S89_L001,unmatched,14892
SOTE311-20191119SVH-186_S90_L001,HLA-A,204
SOTE311-20191119SVH-186_S90_L001,HLA-B,300
SOTE311-20191119SVH-186_S90_L001,HLA-C,251
SOTE311-20191119SVH-186_S90_L001,HLA-DPA1,87
SOTE311-20191119SVH-186_S90_L001,HLA-DPB1,204
SOTE311-20191119SVH-186_S90_L001,HLA-DQA1,30248
SOTE311-20191119SVH-186_S90_L001,HLA-DQB1,35147
SOTE311-20191119SVH-186_S90_L001,HLA-DRB1,40532
SOTE311-20191119SVH-186_S90_L001,HLA-DRB3,60
SOTE311-20191119SVH-186_S90_L001,HLA-DRB4,19393
SOTE311-20191119SVH-186_S90_L001,HLA-DRB5,20126
SOTE311-20191119SVH-186_S90_L001,unmatched,27448
SOTE31-20191119SVH-114_S18_L001,HLA-A,73
SOTE31-20191119SVH-114_S18_L001,HLA-B,143
SOTE31-20191119SVH-114_S18_L001,HLA-C,112
SOTE31-20191119SVH-114_S18_L001,HLA-DPA1,162
SOTE31-20191119SVH-114_S18_L001,HLA-DPB1,147
SOTE31-20191119SVH-114_S18_L001,HLA-DQA1,20454
SOTE31-20191119SVH-114_S18_L001,HLA-DQB1,39654
SOTE31-20191119SVH-114_S18_L001,HLA-DRB1,27235
SOTE31-20191119SVH-114_S18_L001,HLA-DRB3,33
SOTE31-20191119SVH-114_S18_L001,HLA-DRB4,18659
SOTE31-20191119SVH-114_S18_L001,HLA-DRB5,14119
SOTE31-20191119SVH-114_S18_L001,unmatched,19560
SOTE312-20191119SVH-187_S91_L001,HLA-A,147
SOTE312-20191119SVH-187_S91_L001,HLA-B,313
SOTE312-20191119SVH-187_S91_L001,HLA-C,220
SOTE312-20191119SVH-187_S91_L001,HLA-DPA1,234
SOTE312-20191119SVH-187_S91_L001,HLA-DPB1,184
SOTE312-20191119SVH-187_S91_L001,HLA-DQA1,46820
SOTE312-20191119SVH-187_S91_L001,HLA-DQB1,47085
SOTE312-20191119SVH-187_S91_L001,HLA-DRB1,41573
SOTE312-20191119SVH-187_S91_L001,HLA-DRB3,13516
SOTE312-20191119SVH-187_S91_L001,HLA-DRB4,32716
SOTE312-20191119SVH-187_S91_L001,HLA-DRB5,4310
SOTE312-20191119SVH-187_S91_L001,unmatched,35588
SOTE316-20191119SVH-188_S92_L001,HLA-A,369
SOTE316-20191119SVH-188_S92_L001,HLA-B,416
SOTE316-20191119SVH-188_S92_L001,HLA-C,373
SOTE316-20191119SVH-188_S92_L001,HLA-DPA1,44
SOTE316-20191119SVH-188_S92_L001,HLA-DPB1,285
SOTE316-20191119SVH-188_S92_L001,HLA-DQA1,34162
SOTE316-20191119SVH-188_S92_L001,HLA-DQB1,37150
SOTE316-20191119SVH-188_S92_L001,HLA-DRB1,35608
SOTE316-20191119SVH-188_S92_L001,HLA-DRB3,12032
SOTE316-20191119SVH-188_S92_L001,HLA-DRB4,10538
SOTE316-20191119SVH-188_S92_L001,HLA-DRB5,24
SOTE316-20191119SVH-188_S92_L001,unmatched,31271
SOTE317-20191119SVH-189_S93_L001,HLA-A,564
SOTE317-20191119SVH-189_S93_L001,HLA-B,845
SOTE317-20191119SVH-189_S93_L001,HLA-C,559
SOTE317-20191119SVH-189_S93_L001,HLA-DPA1,49
SOTE317-20191119SVH-189_S93_L001,HLA-DPB1,420
SOTE317-20191119SVH-189_S93_L001,HLA-DQA1,29409
SOTE317-20191119SVH-189_S93_L001,HLA-DQB1,53598
SOTE317-20191119SVH-189_S93_L001,HLA-DRB1,37138
SOTE317-20191119SVH-189_S93_L001,HLA-DRB3,5969
SOTE317-20191119SVH-189_S93_L001,HLA-DRB4,451
SOTE317-20191119SVH-189_S93_L001,HLA-DRB5,63
SOTE317-20191119SVH-189_S93_L001,unmatched,29514
SOTE318-20191119SVH-190_S94_L001,HLA-A,421
SOTE318-20191119SVH-190_S94_L001,HLA-B,574
SOTE318-20191119SVH-190_S94_L001,HLA-C,457
SOTE318-20191119SVH-190_S94_L001,HLA-DPA1,33
SOTE318-20191119SVH-190_S94_L001,HLA-DPB1,197
SOTE318-20191119SVH-190_S94_L001,HLA-DQA1,28719
SOTE318-20191119SVH-190_S94_L001,HLA-DQB1,32365
SOTE318-20191119SVH-190_S94_L001,HLA-DRB1,36743
SOTE318-20191119SVH-190_S94_L001,HLA-DRB3,5878
SOTE318-20191119SVH-190_S94_L001,HLA-DRB4,1507
SOTE318-20191119SVH-190_S94_L001,HLA-DRB5,27
SOTE318-20191119SVH-190_S94_L001,unmatched,22793
SOTE3-20191119SVH-99_S3_L001,HLA-A,302
SOTE3-20191119SVH-99_S3_L001,HLA-B,392
SOTE3-20191119SVH-99_S3_L001,HLA-C,363
SOTE3-20191119SVH-99_S3_L001,HLA-DPA1,55
SOTE3-20191119SVH-99_S3_L001,HLA-DPB1,224
SOTE3-20191119SVH-99_S3_L001,HLA-DQA1,39251
SOTE3-20191119SVH-99_S3_L001,HLA-DQB1,42304
SOTE3-20191119SVH-99_S3_L001,HLA-DRB1,55055
SOTE3-20191119SVH-99_S3_L001,HLA-DRB3,150
SOTE3-20191119SVH-99_S3_L001,HLA-DRB4,10798
SOTE3-20191119SVH-99_S3_L001,HLA-DRB5,47
SOTE3-20191119SVH-99_S3_L001,unmatched,27440
SOTE320-20191119SVH-191_S95_L001,HLA-A,86
SOTE320-20191119SVH-191_S95_L001,HLA-B,118
SOTE320-20191119SVH-191_S95_L001,HLA-C,151
SOTE320-20191119SVH-191_S95_L001,HLA-DPA1,60
SOTE320-20191119SVH-191_S95_L001,HLA-DPB1,113
SOTE320-20191119SVH-191_S95_L001,HLA-DQA1,32520
SOTE320-20191119SVH-191_S95_L001,HLA-DQB1,34732
SOTE320-20191119SVH-191_S95_L001,HLA-DRB1,27569
SOTE320-20191119SVH-191_S95_L001,HLA-DRB3,7986
SOTE320-20191119SVH-191_S95_L001,HLA-DRB4,25488
SOTE320-20191119SVH-191_S95_L001,HLA-DRB5,2215
SOTE320-20191119SVH-191_S95_L001,unmatched,26249
SOTE321-20191119SVH-192_S96_L001,HLA-A,117
SOTE321-20191119SVH-192_S96_L001,HLA-B,206
SOTE321-20191119SVH-192_S96_L001,HLA-C,169
SOTE321-20191119SVH-192_S96_L001,HLA-DPA1,24
SOTE321-20191119SVH-192_S96_L001,HLA-DPB1,171
SOTE321-20191119SVH-192_S96_L001,HLA-DQA1,17417
SOTE321-20191119SVH-192_S96_L001,HLA-DQB1,27370
SOTE321-20191119SVH-192_S96_L001,HLA-DRB1,19490
SOTE321-20191119SVH-192_S96_L001,HLA-DRB3,10389
SOTE321-20191119SVH-192_S96_L001,HLA-DRB4,167
SOTE321-20191119SVH-192_S96_L001,HLA-DRB5,18
SOTE321-20191119SVH-192_S96_L001,unmatched,16614
SOTE33-20191119SVH-115_S19_L001,HLA-A,251
SOTE33-20191119SVH-115_S19_L001,HLA-B,586
SOTE33-20191119SVH-115_S19_L001,HLA-C,267
SOTE33-20191119SVH-115_S19_L001,HLA-DPA1,28
SOTE33-20191119SVH-115_S19_L001,HLA-DPB1,331
SOTE33-20191119SVH-115_S19_L001,HLA-DQA1,44461
SOTE33-20191119SVH-115_S19_L001,HLA-DQB1,53069
SOTE33-20191119SVH-115_S19_L001,HLA-DRB1,26905
SOTE33-20191119SVH-115_S19_L001,HLA-DRB3,12463
SOTE33-20191119SVH-115_S19_L001,HLA-DRB4,293
SOTE33-20191119SVH-115_S19_L001,HLA-DRB5,26
SOTE33-20191119SVH-115_S19_L001,unmatched,33321
SOTE34-20191119SVH-116_S20_L001,HLA-A,80
SOTE34-20191119SVH-116_S20_L001,HLA-B,195
SOTE34-20191119SVH-116_S20_L001,HLA-C,138
SOTE34-20191119SVH-116_S20_L001,HLA-DPA1,190
SOTE34-20191119SVH-116_S20_L001,HLA-DPB1,221
SOTE34-20191119SVH-116_S20_L001,HLA-DQA1,31373
SOTE34-20191119SVH-116_S20_L001,HLA-DQB1,31915
SOTE34-20191119SVH-116_S20_L001,HLA-DRB1,37969
SOTE34-20191119SVH-116_S20_L001,HLA-DRB3,43
SOTE34-20191119SVH-116_S20_L001,HLA-DRB4,16521
SOTE34-20191119SVH-116_S20_L001,HLA-DRB5,46
SOTE34-20191119SVH-116_S20_L001,unmatched,22325
SOTE36-20191119SVH-117_S21_L001,HLA-A,338
SOTE36-20191119SVH-117_S21_L001,HLA-B,516
SOTE36-20191119SVH-117_S21_L001,HLA-C,311
SOTE36-20191119SVH-117_S21_L001,HLA-DPA1,35
SOTE36-20191119SVH-117_S21_L001,HLA-DPB1,218
SOTE36-20191119SVH-117_S21_L001,HLA-DQA1,32857
SOTE36-20191119SVH-117_S21_L001,HLA-DQB1,36574
SOTE36-20191119SVH-117_S21_L001,HLA-DRB1,49063
SOTE36-20191119SVH-117_S21_L001,HLA-DRB3,54
SOTE36-20191119SVH-117_S21_L001,HLA-DRB4,410
SOTE36-20191119SVH-117_S21_L001,HLA-DRB5,17578
SOTE36-20191119SVH-117_S21_L001,unmatched,28691
SOTE38-20191119SVH-118_S22_L001,HLA-A,105
SOTE38-20191119SVH-118_S22_L001,HLA-B,157
SOTE38-20191119SVH-118_S22_L001,HLA-C,163
SOTE38-20191119SVH-118_S22_L001,HLA-DPA1,223
SOTE38-20191119SVH-118_S22_L001,HLA-DPB1,137
SOTE38-20191119SVH-118_S22_L001,HLA-DQA1,37914
SOTE38-20191119SVH-118_S22_L001,HLA-DQB1,39688
SOTE38-20191119SVH-118_S22_L001,HLA-DRB1,33520
SOTE38-20191119SVH-118_S22_L001,HLA-DRB3,11244
SOTE38-20191119SVH-118_S22_L001,HLA-DRB4,16127
SOTE38-20191119SVH-118_S22_L001,HLA-DRB5,40
SOTE38-20191119SVH-118_S22_L001,unmatched,31796
SOTE39-20191119SVH-119_S23_L001,HLA-A,667
SOTE39-20191119SVH-119_S23_L001,HLA-B,909
SOTE39-20191119SVH-119_S23_L001,HLA-C,708
SOTE39-20191119SVH-119_S23_L001,HLA-DPA1,68
SOTE39-20191119SVH-119_S23_L001,HLA-DPB1,387
SOTE39-20191119SVH-119_S23_L001,HLA-DQA1,29579
SOTE39-20191119SVH-119_S23_L001,HLA-DQB1,35708
SOTE39-20191119SVH-119_S23_L001,HLA-DRB1,37693
SOTE39-20191119SVH-119_S23_L001,HLA-DRB3,7949
SOTE39-20191119SVH-119_S23_L001,HLA-DRB4,233
SOTE39-20191119SVH-119_S23_L001,HLA-DRB5,17865
SOTE39-20191119SVH-119_S23_L001,unmatched,42506
SOTE42-20191119SVH-120_S24_L001,HLA-A,377
SOTE42-20191119SVH-120_S24_L001,HLA-B,517
SOTE42-20191119SVH-120_S24_L001,HLA-C,337
SOTE42-20191119SVH-120_S24_L001,HLA-DPA1,36
SOTE42-20191119SVH-120_S24_L001,HLA-DPB1,256
SOTE42-20191119SVH-120_S24_L001,HLA-DQA1,26703
SOTE42-20191119SVH-120_S24_L001,HLA-DQB1,46610
SOTE42-20191119SVH-120_S24_L001,HLA-DRB1,32284
SOTE42-20191119SVH-120_S24_L001,HLA-DRB3,5087
SOTE42-20191119SVH-120_S24_L001,HLA-DRB4,5457
SOTE42-20191119SVH-120_S24_L001,HLA-DRB5,8626
SOTE42-20191119SVH-120_S24_L001,unmatched,28180
SOTE43-20191119SVH-121_S25_L001,HLA-A,214
SOTE43-20191119SVH-121_S25_L001,HLA-B,370
SOTE43-20191119SVH-121_S25_L001,HLA-C,354
SOTE43-20191119SVH-121_S25_L001,HLA-DPA1,99
SOTE43-20191119SVH-121_S25_L001,HLA-DPB1,258
SOTE43-20191119SVH-121_S25_L001,HLA-DQA1,39037
SOTE43-20191119SVH-121_S25_L001,HLA-DQB1,68857
SOTE43-20191119SVH-121_S25_L001,HLA-DRB1,35574
SOTE43-20191119SVH-121_S25_L001,HLA-DRB3,11599
SOTE43-20191119SVH-121_S25_L001,HLA-DRB4,20933
SOTE43-20191119SVH-121_S25_L001,HLA-DRB5,53
SOTE43-20191119SVH-121_S25_L001,unmatched,40239
SOTE44-20191119SVH-122_S26_L001,HLA-A,672
SOTE44-20191119SVH-122_S26_L001,HLA-B,1030
SOTE44-20191119SVH-122_S26_L001,HLA-C,656
SOTE44-20191119SVH-122_S26_L001,HLA-DPA1,54
SOTE44-20191119SVH-122_S26_L001,HLA-DPB1,248
SOTE44-20191119SVH-122_S26_L001,HLA-DQA1,51881
SOTE44-20191119SVH-122_S26_L001,HLA-DQB1,58281
SOTE44-20191119SVH-122_S26_L001,HLA-DRB1,75420
SOTE44-20191119SVH-122_S26_L001,HLA-DRB3,91
SOTE44-20191119SVH-122_S26_L001,HLA-DRB4,565
SOTE44-20191119SVH-122_S26_L001,HLA-DRB5,30354
SOTE44-20191119SVH-122_S26_L001,unmatched,42514
SOTE45-20191119SVH-123_S27_L001,HLA-A,73
SOTE45-20191119SVH-123_S27_L001,HLA-B,163
SOTE45-20191119SVH-123_S27_L001,HLA-C,138
SOTE45-20191119SVH-123_S27_L001,HLA-DPA1,307
SOTE45-20191119SVH-123_S27_L001,HLA-DPB1,175
SOTE45-20191119SVH-123_S27_L001,HLA-DQA1,47876
SOTE45-20191119SVH-123_S27_L001,HLA-DQB1,51349
SOTE45-20191119SVH-123_S27_L001,HLA-DRB1,43176
SOTE45-20191119SVH-123_S27_L001,HLA-DRB3,44
SOTE45-20191119SVH-123_S27_L001,HLA-DRB4,23365
SOTE45-20191119SVH-123_S27_L001,HLA-DRB5,18567
SOTE45-20191119SVH-123_S27_L001,unmatched,32461
SOTE48-20191119SVH-124_S28_L001,HLA-A,524
SOTE48-20191119SVH-124_S28_L001,HLA-B,976
SOTE48-20191119SVH-124_S28_L001,HLA-C,494
SOTE48-20191119SVH-124_S28_L001,HLA-DPA1,36
SOTE48-20191119SVH-124_S28_L001,HLA-DPB1,332
SOTE48-20191119SVH-124_S28_L001,HLA-DQA1,41966
SOTE48-20191119SVH-124_S28_L001,HLA-DQB1,64043
SOTE48-20191119SVH-124_S28_L001,HLA-DRB1,54809
SOTE48-20191119SVH-124_S28_L001,HLA-DRB3,28150
SOTE48-20191119SVH-124_S28_L001,HLA-DRB4,317
SOTE48-20191119SVH-124_S28_L001,HLA-DRB5,45
SOTE48-20191119SVH-124_S28_L001,unmatched,46967
SOTE49-20191119SVH-125_S29_L001,HLA-A,35
SOTE49-20191119SVH-125_S29_L001,HLA-B,98
SOTE49-20191119SVH-125_S29_L001,HLA-C,105
SOTE49-20191119SVH-125_S29_L001,HLA-DPA1,267
SOTE49-20191119SVH-125_S29_L001,HLA-DPB1,112
SOTE49-20191119SVH-125_S29_L001,HLA-DQA1,42346
SOTE49-20191119SVH-125_S29_L001,HLA-DQB1,42418
SOTE49-20191119SVH-125_S29_L001,HLA-DRB1,56340
SOTE49-20191119SVH-125_S29_L001,HLA-DRB3,44
SOTE49-20191119SVH-125_S29_L001,HLA-DRB4,19120
SOTE49-20191119SVH-125_S29_L001,HLA-DRB5,68
SOTE49-20191119SVH-125_S29_L001,unmatched,27350
SOTE51-20191119SVH-126_S30_L001,HLA-A,71
SOTE51-20191119SVH-126_S30_L001,HLA-B,86
SOTE51-20191119SVH-126_S30_L001,HLA-C,119
SOTE51-20191119SVH-126_S30_L001,HLA-DPA1,88
SOTE51-20191119SVH-126_S30_L001,HLA-DPB1,119
SOTE51-20191119SVH-126_S30_L001,HLA-DQA1,20720
SOTE51-20191119SVH-126_S30_L001,HLA-DQB1,26038
SOTE51-20191119SVH-126_S30_L001,HLA-DRB1,18677
SOTE51-20191119SVH-126_S30_L001,HLA-DRB3,5259
SOTE51-20191119SVH-126_S30_L001,HLA-DRB4,11431
SOTE51-20191119SVH-126_S30_L001,HLA-DRB5,19
SOTE51-20191119SVH-126_S30_L001,unmatched,18448
SOTE5-20191119SVH-100_S4_L001,HLA-A,62
SOTE5-20191119SVH-100_S4_L001,HLA-B,101
SOTE5-20191119SVH-100_S4_L001,HLA-C,119
SOTE5-20191119SVH-100_S4_L001,HLA-DPA1,94
SOTE5-20191119SVH-100_S4_L001,HLA-DPB1,118
SOTE5-20191119SVH-100_S4_L001,HLA-DQA1,50209
SOTE5-20191119SVH-100_S4_L001,HLA-DQB1,50628
SOTE5-20191119SVH-100_S4_L001,HLA-DRB1,42607
SOTE5-20191119SVH-100_S4_L001,HLA-DRB3,11930
SOTE5-20191119SVH-100_S4_L001,HLA-DRB4,25468
SOTE5-20191119SVH-100_S4_L001,HLA-DRB5,35
SOTE5-20191119SVH-100_S4_L001,unmatched,37448
SOTE53-20191119SVH-127_S31_L001,HLA-A,553
SOTE53-20191119SVH-127_S31_L001,HLA-B,819
SOTE53-20191119SVH-127_S31_L001,HLA-C,564
SOTE53-20191119SVH-127_S31_L001,HLA-DPA1,48
SOTE53-20191119SVH-127_S31_L001,HLA-DPB1,304
SOTE53-20191119SVH-127_S31_L001,HLA-DQA1,34871
SOTE53-20191119SVH-127_S31_L001,HLA-DQB1,59373
SOTE53-20191119SVH-127_S31_L001,HLA-DRB1,36704
SOTE53-20191119SVH-127_S31_L001,HLA-DRB3,8793
SOTE53-20191119SVH-127_S31_L001,HLA-DRB4,196
SOTE53-20191119SVH-127_S31_L001,HLA-DRB5,19379
SOTE53-20191119SVH-127_S31_L001,unmatched,40585
SOTE55-20191119SVH-128_S32_L001,HLA-A,874
SOTE55-20191119SVH-128_S32_L001,HLA-B,1340
SOTE55-20191119SVH-128_S32_L001,HLA-C,840
SOTE55-20191119SVH-128_S32_L001,HLA-DPA1,86
SOTE55-20191119SVH-128_S32_L001,HLA-DPB1,450
SOTE55-20191119SVH-128_S32_L001,HLA-DQA1,31036
SOTE55-20191119SVH-128_S32_L001,HLA-DQB1,40276
SOTE55-20191119SVH-128_S32_L001,HLA-DRB1,41093
SOTE55-20191119SVH-128_S32_L001,HLA-DRB3,9190
SOTE55-20191119SVH-128_S32_L001,HLA-DRB4,360
SOTE55-20191119SVH-128_S32_L001,HLA-DRB5,40
SOTE55-20191119SVH-128_S32_L001,unmatched,37375
SOTE58-20191119SVH-129_S33_L001,HLA-A,40
SOTE58-20191119SVH-129_S33_L001,HLA-B,77
SOTE58-20191119SVH-129_S33_L001,HLA-C,91
SOTE58-20191119SVH-129_S33_L001,HLA-DPA1,81
SOTE58-20191119SVH-129_S33_L001,HLA-DPB1,56
SOTE58-20191119SVH-129_S33_L001,HLA-DQA1,24440
SOTE58-20191119SVH-129_S33_L001,HLA-DQB1,26755
SOTE58-20191119SVH-129_S33_L001,HLA-DRB1,19996
SOTE58-20191119SVH-129_S33_L001,HLA-DRB3,438
SOTE58-20191119SVH-129_S33_L001,HLA-DRB4,10340
SOTE58-20191119SVH-129_S33_L001,HLA-DRB5,9266
SOTE58-20191119SVH-129_S33_L001,unmatched,17065
SOTE6-20191119SVH-101_S5_L001,HLA-A,44
SOTE6-20191119SVH-101_S5_L001,HLA-B,70
SOTE6-20191119SVH-101_S5_L001,HLA-C,66
SOTE6-20191119SVH-101_S5_L001,HLA-DPA1,57
SOTE6-20191119SVH-101_S5_L001,HLA-DPB1,64
SOTE6-20191119SVH-101_S5_L001,HLA-DQA1,18080
SOTE6-20191119SVH-101_S5_L001,HLA-DQB1,18668
SOTE6-20191119SVH-101_S5_L001,HLA-DRB1,22854
SOTE6-20191119SVH-101_S5_L001,HLA-DRB3,21
SOTE6-20191119SVH-101_S5_L001,HLA-DRB4,9965
SOTE6-20191119SVH-101_S5_L001,HLA-DRB5,10253
SOTE6-20191119SVH-101_S5_L001,unmatched,14352
SOTE65-20191119SVH-130_S34_L001,HLA-A,134
SOTE65-20191119SVH-130_S34_L001,HLA-B,212
SOTE65-20191119SVH-130_S34_L001,HLA-C,183
SOTE65-20191119SVH-130_S34_L001,HLA-DPA1,20
SOTE65-20191119SVH-130_S34_L001,HLA-DPB1,119
SOTE65-20191119SVH-130_S34_L001,HLA-DQA1,16443
SOTE65-20191119SVH-130_S34_L001,HLA-DQB1,29505
SOTE65-20191119SVH-130_S34_L001,HLA-DRB1,22775
SOTE65-20191119SVH-130_S34_L001,HLA-DRB3,7675
SOTE65-20191119SVH-130_S34_L001,HLA-DRB4,5343
SOTE65-20191119SVH-130_S34_L001,HLA-DRB5,10393
SOTE65-20191119SVH-130_S34_L001,unmatched,23361
SOTE70-20191119SVH-131_S35_L001,HLA-A,387
SOTE70-20191119SVH-131_S35_L001,HLA-B,625
SOTE70-20191119SVH-131_S35_L001,HLA-C,447
SOTE70-20191119SVH-131_S35_L001,HLA-DPA1,45
SOTE70-20191119SVH-131_S35_L001,HLA-DPB1,261
SOTE70-20191119SVH-131_S35_L001,HLA-DQA1,28347
SOTE70-20191119SVH-131_S35_L001,HLA-DQB1,51325
SOTE70-20191119SVH-131_S35_L001,HLA-DRB1,26673
SOTE70-20191119SVH-131_S35_L001,HLA-DRB3,12002
SOTE70-20191119SVH-131_S35_L001,HLA-DRB4,1551
SOTE70-20191119SVH-131_S35_L001,HLA-DRB5,43
SOTE70-20191119SVH-131_S35_L001,unmatched,30764
SOTE71-20191119SVH-132_S36_L001,HLA-A,238
SOTE71-20191119SVH-132_S36_L001,HLA-B,372
SOTE71-20191119SVH-132_S36_L001,HLA-C,367
SOTE71-20191119SVH-132_S36_L001,HLA-DPA1,41
SOTE71-20191119SVH-132_S36_L001,HLA-DPB1,230
SOTE71-20191119SVH-132_S36_L001,HLA-DQA1,19243
SOTE71-20191119SVH-132_S36_L001,HLA-DQB1,21626
SOTE71-20191119SVH-132_S36_L001,HLA-DRB1,18969
SOTE71-20191119SVH-132_S36_L001,HLA-DRB3,8061
SOTE71-20191119SVH-132_S36_L001,HLA-DRB4,203
SOTE71-20191119SVH-132_S36_L001,HLA-DRB5,24
SOTE71-20191119SVH-132_S36_L001,unmatched,20714
SOTE73-20191119SVH-133_S37_L001,HLA-A,83
SOTE73-20191119SVH-133_S37_L001,HLA-B,143
SOTE73-20191119SVH-133_S37_L001,HLA-C,110
SOTE73-20191119SVH-133_S37_L001,HLA-DPA1,12
SOTE73-20191119SVH-133_S37_L001,HLA-DPB1,63
SOTE73-20191119SVH-133_S37_L001,HLA-DQA1,7919
SOTE73-20191119SVH-133_S37_L001,HLA-DQB1,8379
SOTE73-20191119SVH-133_S37_L001,HLA-DRB1,7064
SOTE73-20191119SVH-133_S37_L001,HLA-DRB3,3133
SOTE73-20191119SVH-133_S37_L001,HLA-DRB4,49
SOTE73-20191119SVH-133_S37_L001,HLA-DRB5,14
SOTE73-20191119SVH-133_S37_L001,unmatched,6858
SOTE74-20191119SVH-134_S38_L001,HLA-A,77
SOTE74-20191119SVH-134_S38_L001,HLA-B,157
SOTE74-20191119SVH-134_S38_L001,HLA-C,244
SOTE74-20191119SVH-134_S38_L001,HLA-DPA1,104
SOTE74-20191119SVH-134_S38_L001,HLA-DPB1,137
SOTE74-20191119SVH-134_S38_L001,HLA-DQA1,33816
SOTE74-20191119SVH-134_S38_L001,HLA-DQB1,38693
SOTE74-20191119SVH-134_S38_L001,HLA-DRB1,33606
SOTE74-20191119SVH-134_S38_L001,HLA-DRB3,9465
SOTE74-20191119SVH-134_S38_L001,HLA-DRB4,13362
SOTE74-20191119SVH-134_S38_L001,HLA-DRB5,18
SOTE74-20191119SVH-134_S38_L001,unmatched,30116
SOTE75-20191119SVH-135_S39_L001,HLA-A,606
SOTE75-20191119SVH-135_S39_L001,HLA-B,773
SOTE75-20191119SVH-135_S39_L001,HLA-C,674
SOTE75-20191119SVH-135_S39_L001,HLA-DPA1,75
SOTE75-20191119SVH-135_S39_L001,HLA-DPB1,391
SOTE75-20191119SVH-135_S39_L001,HLA-DQA1,19441
SOTE75-20191119SVH-135_S39_L001,HLA-DQB1,37077
SOTE75-20191119SVH-135_S39_L001,HLA-DRB1,42686
SOTE75-20191119SVH-135_S39_L001,HLA-DRB3,7137
SOTE75-20191119SVH-135_S39_L001,HLA-DRB4,470
SOTE75-20191119SVH-135_S39_L001,HLA-DRB5,79
SOTE75-20191119SVH-135_S39_L001,unmatched,26490
SOTE76-20191119SVH-136_S40_L001,HLA-A,457
SOTE76-20191119SVH-136_S40_L001,HLA-B,761
SOTE76-20191119SVH-136_S40_L001,HLA-C,625
SOTE76-20191119SVH-136_S40_L001,HLA-DPA1,61
SOTE76-20191119SVH-136_S40_L001,HLA-DPB1,391
SOTE76-20191119SVH-136_S40_L001,HLA-DQA1,26052
SOTE76-20191119SVH-136_S40_L001,HLA-DQB1,47337
SOTE76-20191119SVH-136_S40_L001,HLA-DRB1,53761
SOTE76-20191119SVH-136_S40_L001,HLA-DRB3,9010
SOTE76-20191119SVH-136_S40_L001,HLA-DRB4,618
SOTE76-20191119SVH-136_S40_L001,HLA-DRB5,61
SOTE76-20191119SVH-136_S40_L001,unmatched,33702
SOTE8-20191119SVH-102_S6_L001,HLA-A,160
SOTE8-20191119SVH-102_S6_L001,HLA-B,196
SOTE8-20191119SVH-102_S6_L001,HLA-C,194
SOTE8-20191119SVH-102_S6_L001,HLA-DPA1,114
SOTE8-20191119SVH-102_S6_L001,HLA-DPB1,174
SOTE8-20191119SVH-102_S6_L001,HLA-DQA1,48497
SOTE8-20191119SVH-102_S6_L001,HLA-DQB1,51641
SOTE8-20191119SVH-102_S6_L001,HLA-DRB1,58475
SOTE8-20191119SVH-102_S6_L001,HLA-DRB3,54
SOTE8-20191119SVH-102_S6_L001,HLA-DRB4,27053
SOTE8-20191119SVH-102_S6_L001,HLA-DRB5,50
SOTE8-20191119SVH-102_S6_L001,unmatched,34258
SOTE89-20191119SVH-137_S41_L001,HLA-A,297
SOTE89-20191119SVH-137_S41_L001,HLA-B,498
SOTE89-20191119SVH-137_S41_L001,HLA-C,457
SOTE89-20191119SVH-137_S41_L001,HLA-DPA1,41
SOTE89-20191119SVH-137_S41_L001,HLA-DPB1,300
SOTE89-20191119SVH-137_S41_L001,HLA-DQA1,23304
SOTE89-20191119SVH-137_S41_L001,HLA-DQB1,27412
SOTE89-20191119SVH-137_S41_L001,HLA-DRB1,29035
SOTE89-20191119SVH-137_S41_L001,HLA-DRB3,4518
SOTE89-20191119SVH-137_S41_L001,HLA-DRB4,2738
SOTE89-20191119SVH-137_S41_L001,HLA-DRB5,50
SOTE89-20191119SVH-137_S41_L001,unmatched,21374
SOTE9-20191119SVH-103_S7_L001,HLA-A,55
SOTE9-20191119SVH-103_S7_L001,HLA-B,74
SOTE9-20191119SVH-103_S7_L001,HLA-C,101
SOTE9-20191119SVH-103_S7_L001,HLA-DPA1,95
SOTE9-20191119SVH-103_S7_L001,HLA-DPB1,60
SOTE9-20191119SVH-103_S7_L001,HLA-DQA1,44812
SOTE9-20191119SVH-103_S7_L001,HLA-DQB1,45882
SOTE9-20191119SVH-103_S7_L001,HLA-DRB1,59550
SOTE9-20191119SVH-103_S7_L001,HLA-DRB3,42
SOTE9-20191119SVH-103_S7_L001,HLA-DRB4,23318
SOTE9-20191119SVH-103_S7_L001,HLA-DRB5,27271
SOTE9-20191119SVH-103_S7_L001,unmatched,31892
SOTE93-20191119SVH-138_S42_L001,HLA-A,30
SOTE93-20191119SVH-138_S42_L001,HLA-B,68
SOTE93-20191119SVH-138_S42_L001,HLA-C,89
SOTE93-20191119SVH-138_S42_L001,HLA-DPA1,183
SOTE93-20191119SVH-138_S42_L001,HLA-DPB1,136
SOTE93-20191119SVH-138_S42_L001,HLA-DQA1,28805
SOTE93-20191119SVH-138_S42_L001,HLA-DQB1,34420
SOTE93-20191119SVH-138_S42_L001,HLA-DRB1,39346
SOTE93-20191119SVH-138_S42_L001,HLA-DRB3,65
SOTE93-20191119SVH-138_S42_L001,HLA-DRB4,15087
SOTE93-20191119SVH-138_S42_L001,HLA-DRB5,13508
SOTE93-20191119SVH-138_S42_L001,unmatched,23836
SOTE94-20191119SVH-139_S43_L001,HLA-A,53
SOTE94-20191119SVH-139_S43_L001,HLA-B,98
SOTE94-20191119SVH-139_S43_L001,HLA-C,123
SOTE94-20191119SVH-139_S43_L001,HLA-DPA1,62
SOTE94-20191119SVH-139_S43_L001,HLA-DPB1,137
SOTE94-20191119SVH-139_S43_L001,HLA-DQA1,16178
SOTE94-20191119SVH-139_S43_L001,HLA-DQB1,28856
SOTE94-20191119SVH-139_S43_L001,HLA-DRB1,19328
SOTE94-20191119SVH-139_S43_L001,HLA-DRB3,302
SOTE94-20191119SVH-139_S43_L001,HLA-DRB4,13209
SOTE94-20191119SVH-139_S43_L001,HLA-DRB5,11338
SOTE94-20191119SVH-139_S43_L001,unmatched,19620
SOTE96-20191119SVH-140_S44_L001,HLA-A,63
SOTE96-20191119SVH-140_S44_L001,HLA-B,121
SOTE96-20191119SVH-140_S44_L001,HLA-C,195
SOTE96-20191119SVH-140_S44_L001,HLA-DPA1,390
SOTE96-20191119SVH-140_S44_L001,HLA-DPB1,191
SOTE96-20191119SVH-140_S44_L001,HLA-DQA1,39184
SOTE96-20191119SVH-140_S44_L001,HLA-DQB1,39811
SOTE96-20191119SVH-140_S44_L001,HLA-DRB1,47403
SOTE96-20191119SVH-140_S44_L001,HLA-DRB3,48
SOTE96-20191119SVH-140_S44_L001,HLA-DRB4,24981
SOTE96-20191119SVH-140_S44_L001,HLA-DRB5,4512
SOTE96-20191119SVH-140_S44_L001,unmatched,29981
SOTEUndetermined_S0_L001,HLA-A,675
SOTEUndetermined_S0_L001,HLA-B,1373
SOTEUndetermined_S0_L001,HLA-C,992
SOTEUndetermined_S0_L001,HLA-DPA1,255
SOTEUndetermined_S0_L001,HLA-DPB1,668
SOTEUndetermined_S0_L001,HLA-DQA1,65943
SOTEUndetermined_S0_L001,HLA-DQB1,80543
SOTEUndetermined_S0_L001,HLA-DRB1,98289
SOTEUndetermined_S0_L001,HLA-DRB3,12406
SOTEUndetermined_S0_L001,HLA-DRB4,20117
SOTEUndetermined_S0_L001,HLA-DRB5,14884
SOTEUndetermined_S0_L001,unmatched,122193
sw518_combined_readcount,csv,0
sw518_combined_readcount,csv,0
sw518_combined_readcount,csv,0
sw518_combined_readcount,csv,0
sw518_combined_readcount,csv,0
sw518_combined_readcount,csv,0
sw518_combined_readcount,csv,0
sw518_combined_readcount,csv,0
sw518_combined_readcount,csv,0
sw518_combined_readcount,csv,0
sw518_combined_readcount,csv,0
sw518_combined_readcount,csv,0
